GAME_ID,Date,Season,home_team,away_team,actual_home_win,p_home_win,pred_home_win,correct,contrib_eFG,contrib_TOV_pct,contrib_ORB_pct,contrib_FTrate
0022500022,2025-10-31,2025-26,CLE,TOR,0,0.5165,1,0,-0.1882,-0.0708,0.0463,0.0613
0022500024,2025-10-31,2025-26,MEM,LAL,0,0.499,0,1,-0.4017,0.2249,-0.0599,-0.0337
0022500144,2025-11-01,2025-26,IND,GSW,1,0.349,0,0,-0.8249,0.2184,0.0424,-0.0526
0022500143,2025-11-01,2025-26,CHA,MIN,0,0.6904,1,0,0.2361,-0.0353,0.0593,-0.0136
0022500145,2025-11-01,2025-26,WAS,ORL,0,0.5116,1,0,0.0585,0.0151,-0.0856,-0.1604
0022500142,2025-11-01,2025-26,MIL,SAC,0,0.7188,1,0,0.4732,-0.0445,0.0023,0.0171
0022500154,2025-11-02,2025-26,PHX,SAS,1,0.379,0,0,-0.3831,0.0122,-0.0213,-0.1174
0022500149,2025-11-02,2025-26,BKN,PHI,0,0.4452,0,1,-0.1367,-0.1113,0.0122,-0.1097
0022500151,2025-11-02,2025-26,CLE,ATL,1,0.5353,1,1,0.0464,-0.1879,-0.0038,0.0453
0022500152,2025-11-02,2025-26,TOR,MEM,1,0.6488,1,1,0.3667,-0.0961,-0.0212,-0.0555
0022500153,2025-11-02,2025-26,NYK,CHI,1,0.4287,0,0,-0.5453,0.0626,0.0704,-0.0107
0022500155,2025-11-02,2025-26,LAL,MIA,1,0.6339,1,1,0.0848,-0.1424,0.0204,0.1395
0022500148,2025-11-02,2025-26,OKC,NOP,1,0.7253,1,1,0.3177,0.1209,-0.048,-0.0463
0022500150,2025-11-02,2025-26,CHA,UTA,1,0.6876,1,1,0.2601,0.0825,-0.0874,-0.0711
0022500162,2025-11-03,2025-26,DEN,SAC,1,0.7226,1,1,0.2915,-0.0935,0.0954,0.0635
0022500158,2025-11-03,2025-26,BOS,UTA,0,0.612,1,0,0.0155,0.2466,-0.0448,-0.1853
0022500163,2025-11-03,2025-26,POR,LAL,0,0.4452,0,1,-0.5112,0.0875,0.0796,-0.057
0022500159,2025-11-03,2025-26,NYK,WAS,1,0.6895,1,1,-0.0593,0.097,0.1072,0.1014
0022500164,2025-11-03,2025-26,LAC,MIA,0,0.5321,1,0,-0.0308,-0.1335,0.0742,-0.0148
0022500156,2025-11-03,2025-26,BKN,MIN,0,0.4599,0,1,-0.2979,-0.0483,0.0772,-0.024
0022500160,2025-11-03,2025-26,HOU,DAL,1,0.8958,1,1,0.6448,0.01,0.2273,0.0487
0022500157,2025-11-03,2025-26,IND,MIL,0,0.2343,0,1,-1.1109,0.0842,0.0823,0.0445
0022500161,2025-11-03,2025-26,MEM,DET,0,0.6139,1,0,0.1266,0.0401,-0.1321,0.0029
0022500166,2025-11-04,2025-26,ATL,ORL,1,0.5802,1,1,-0.0318,0.1284,-0.0633,-0.079
0022500167,2025-11-04,2025-26,CHI,PHI,1,0.5598,1,1,0.1224,-0.1007,-0.0282,-0.0525
0022500170,2025-11-04,2025-26,LAC,OKC,0,0.5512,1,0,0.2582,-0.3083,0.043,-0.0354
0022500168,2025-11-04,2025-26,NOP,CHA,1,0.3841,0,0,-0.6095,0.0594,-0.0033,0.0161
0022500165,2025-11-04,2025-26,TOR,MIL,1,0.4491,0,0,-0.2817,-0.0356,0.0224,0.03
0022500169,2025-11-04,2025-26,GSW,PHX,1,0.6057,1,1,0.0208,-0.0092,-0.0427,0.078
0022500176,2025-11-05,2025-26,MEM,HOU,0,0.3858,0,1,-0.4114,0.0993,-0.1593,-0.0766
0022500178,2025-11-05,2025-26,DEN,MIA,1,0.6614,1,1,0.0177,0.0688,0.0629,0.0375
0022500179,2025-11-05,2025-26,LAL,SAS,1,0.6101,1,1,0.1622,-0.0724,-0.0857,0.0218
0022500181,2025-11-05,2025-26,SAC,GSW,1,0.5651,1,1,-0.131,0.1707,-0.0339,-0.0438
0022500180,2025-11-05,2025-26,POR,OKC,1,0.4756,0,0,-0.2183,-0.1851,0.0855,0.0354
0022500175,2025-11-05,2025-26,NYK,MIN,1,0.4722,0,0,-0.4361,0.0828,0.0602,-0.0071
0022500177,2025-11-05,2025-26,DAL,NOP,0,0.5426,1,0,0.0318,-0.0857,-0.1075,0.04
0022500174,2025-11-05,2025-26,BOS,WAS,1,0.6588,1,1,-0.1185,0.2495,0.0912,-0.0053
0022500173,2025-11-05,2025-26,IND,BKN,0,0.5148,1,0,-0.3629,0.1398,-0.0299,0.0357
0022500172,2025-11-05,2025-26,DET,UTA,1,0.654,1,1,0.0192,0.129,-0.028,-0.0475
0022500171,2025-11-05,2025-26,CLE,PHI,1,0.4575,0,0,-0.1216,-0.1135,-0.0465,-0.0265
0022500182,2025-11-06,2025-26,PHX,LAC,1,0.563,1,1,-0.1113,0.0821,0.0053,-0.0279
0022500031,2025-11-07,2025-26,BKN,DET,0,0.5441,1,0,-0.0341,-0.0459,-0.0389,-0.0097
0022500035,2025-11-07,2025-26,MIL,CHI,1,0.6061,1,1,0.1767,0.0465,-0.0778,-0.0376
0022500028,2025-11-07,2025-26,ORL,BOS,1,0.592,1,1,0.0781,-0.2683,0.0045,0.1805
0022500037,2025-11-07,2025-26,DEN,GSW,1,0.6955,1,1,0.0263,0.1477,0.0663,0.0044
0022500030,2025-11-07,2025-26,ATL,TOR,0,0.5395,1,0,-0.1881,0.0196,0.0045,0.0539
0022500038,2025-11-07,2025-26,SAC,OKC,0,0.5337,1,0,0.0378,-0.077,-0.0481,-0.0051
0022500032,2025-11-07,2025-26,SAS,HOU,1,0.5896,1,1,0.0379,-0.0326,-0.0804,-0.0028
0022500029,2025-11-07,2025-26,WAS,CLE,0,0.4481,0,1,-0.1297,-0.0514,-0.0243,-0.0726
0022500036,2025-11-07,2025-26,MIN,UTA,1,0.7658,1,1,0.572,0.0538,-0.0938,-0.0755
0022500033,2025-11-07,2025-26,MIA,CHA,1,0.5676,1,1,0.0596,0.0526,-0.1178,-0.0259
0022500034,2025-11-07,2025-26,MEM,DAL,1,0.7006,1,1,0.1038,0.0929,0.0596,0.0026
0022500185,2025-11-08,2025-26,ATL,LAL,1,0.4636,0,0,-0.3904,0.1043,-0.0009,-0.0495
0022500188,2025-11-08,2025-26,SAS,NOP,1,0.806,1,1,0.5743,-0.1024,0.0316,0.0729
0022500186,2025-11-08,2025-26,CLE,CHI,1,0.5521,1,1,-0.1568,0.0287,0.0201,0.0274
0022500187,2025-11-08,2025-26,MIA,POR,1,0.6853,1,1,0.3964,0.067,-0.1313,-0.0663
0022500184,2025-11-08,2025-26,PHI,TOR,1,0.6217,1,1,-0.0746,0.0212,0.0755,0.0415
0022500190,2025-11-08,2025-26,LAC,PHX,0,0.5931,1,0,0.0646,-0.0724,-0.0129,0.0449
0022500183,2025-11-08,2025-26,WAS,DAL,0,0.6266,1,0,0.2085,-0.0369,0.0527,-0.0863
0022500189,2025-11-08,2025-26,DEN,IND,1,0.8549,1,1,0.8228,-0.0294,-0.0069,0.0346
0022500196,2025-11-09,2025-26,GSW,IND,1,0.7601,1,1,0.7153,-0.1902,-0.0463,0.0048
0022500195,2025-11-09,2025-26,PHI,DET,0,0.6725,1,0,0.1777,0.0011,-0.0238,0.0188
0022500191,2025-11-09,2025-26,MIL,HOU,0,0.5795,1,0,0.2104,0.1079,-0.1948,-0.1273
0022500194,2025-11-09,2025-26,MEM,OKC,0,0.4397,0,1,-0.2714,-0.1083,-0.0049,0.0335
0022500192,2025-11-09,2025-26,NYK,BKN,1,0.7069,1,1,0.1368,0.1044,0.0653,-0.03
0022500197,2025-11-09,2025-26,SAC,MIN,0,0.4292,0,1,-0.3497,0.0965,-0.0812,-0.0135
0022500193,2025-11-09,2025-26,ORL,BOS,0,0.6251,1,0,0.1403,-0.2491,0.0022,0.1858
0022500205,2025-11-10,2025-26,UTA,MIN,0,0.3415,0,1,-0.7393,-0.0579,0.0791,0.062
0022500199,2025-11-10,2025-26,DET,WAS,1,0.7363,1,1,0.0694,0.1394,0.0863,0.0748
0022500204,2025-11-10,2025-26,PHX,NOP,1,0.6867,1,1,0.3895,-0.1023,0.018,-0.0364
0022500202,2025-11-10,2025-26,CHI,SAS,0,0.5339,1,0,-0.0703,0.0414,-0.0608,-0.0571
0022500206,2025-11-10,2025-26,LAC,ATL,0,0.5927,1,0,0.1943,-0.1536,0.0305,-0.0363
0022500200,2025-11-10,2025-26,ORL,POR,1,0.6813,1,1,0.1344,-0.0265,-0.0231,0.0671
0022500201,2025-11-10,2025-26,MIA,CLE,1,0.6008,1,1,0.1529,0.0011,-0.079,-0.0046
0022500198,2025-11-10,2025-26,CHA,LAL,0,0.5497,1,0,-0.2042,0.0428,0.0682,-0.0511
0022500203,2025-11-10,2025-26,DAL,MIL,0,0.282,0,1,-0.7153,-0.0781,-0.0005,0.0765
0022500208,2025-11-11,2025-26,NYK,MEM,1,0.7548,1,1,0.3129,0.0227,0.1182,-0.0226
0022500212,2025-11-11,2025-26,SAC,DEN,0,0.4166,0,1,-0.2366,-0.021,-0.0957,-0.0289
0022500210,2025-11-11,2025-26,OKC,GSW,1,0.682,1,1,0.0345,0.1953,-0.0073,0.0121
0022500211,2025-11-11,2025-26,UTA,IND,1,0.7205,1,1,0.307,-0.1445,0.0578,0.0703
0022500209,2025-11-11,2025-26,PHI,BOS,1,0.6475,1,1,0.1549,-0.146,0.0082,0.1371
0022500207,2025-11-11,2025-26,BKN,TOR,0,0.4338,0,1,-0.3521,-0.0877,0.0629,0.0102
0022500220,2025-11-12,2025-26,SAS,GSW,0,0.7607,1,0,0.2735,0.0393,0.0737,0.0388
0022500215,2025-11-12,2025-26,NYK,ORL,0,0.6766,1,0,0.1333,0.1335,0.0263,-0.1268
0022500217,2025-11-12,2025-26,MIA,CLE,0,0.6161,1,0,0.1999,-0.0094,-0.1083,0.011
0022500222,2025-11-12,2025-26,OKC,LAL,1,0.5865,1,1,-0.1172,0.1935,-0.021,-0.0763
0022500214,2025-11-12,2025-26,DET,CHI,1,0.5752,1,1,-0.2212,0.029,0.0944,0.0264
0022500224,2025-11-12,2025-26,LAC,DEN,0,0.4318,0,1,-0.1168,-0.1578,-0.0381,-0.0405
0022500216,2025-11-12,2025-26,BOS,MEM,1,0.6576,1,1,0.0385,0.1676,0.0879,-0.0964
0022500221,2025-11-12,2025-26,DAL,PHX,0,0.4237,0,1,-0.4394,0.0564,-0.0779,0.0646
0022500223,2025-11-12,2025-26,SAC,ATL,0,0.5512,1,0,-0.0217,0.0023,-0.0431,0.0047
0022500219,2025-11-12,2025-26,NOP,POR,0,0.5236,1,0,-0.1493,0.0218,-0.0212,-0.0378
0022500218,2025-11-12,2025-26,HOU,WAS,1,0.8219,1,1,0.2859,0.0514,0.1805,0.1021
0022500213,2025-11-12,2025-26,CHA,MIL,1,0.5258,1,1,-0.2144,-0.1173,0.1084,0.0791
0022500225,2025-11-13,2025-26,CLE,TOR,0,0.552,1,0,-0.1932,0.0174,0.0869,0.0005
0022500227,2025-11-13,2025-26,UTA,ATL,0,0.4607,0,1,-0.4686,-0.0873,0.1091,0.0837
0022500226,2025-11-13,2025-26,PHX,IND,1,0.8123,1,1,0.8411,-0.154,-0.0142,-0.0048
0022500040,2025-11-14,2025-26,ORL,BKN,1,0.7458,1,1,0.2038,0.0061,0.0417,0.0869
0022500047,2025-11-14,2025-26,SAS,GSW,0,0.7272,1,0,0.2222,-0.017,0.0896,0.0375
0022500041,2025-11-14,2025-26,DET,PHI,1,0.593,1,1,-0.0291,-0.0256,0.0325,-0.0072
0022500045,2025-11-14,2025-26,NOP,LAL,0,0.4703,0,1,-0.3965,0.1198,0.0284,-0.0691
0022500042,2025-11-14,2025-26,HOU,POR,1,0.7443,1,1,0.2585,-0.0414,0.0932,0.0282
0022500039,2025-11-14,2025-26,NYK,MIA,1,0.601,1,1,-0.0911,0.0221,0.1617,-0.0475
0022500043,2025-11-14,2025-26,MIL,CHA,1,0.6546,1,1,0.2536,0.157,-0.1241,-0.0889
0022500044,2025-11-14,2025-26,MIN,SAC,1,0.7672,1,1,0.4549,-0.0059,0.0507,0.0074
0022500046,2025-11-14,2025-26,DAL,LAC,0,0.4583,0,1,-0.3596,0.0659,-0.0411,0.0281
0022500230,2025-11-15,2025-26,IND,TOR,0,0.2944,0,1,-0.8543,0.0184,0.0779,0.0139
0022500228,2025-11-15,2025-26,CLE,MEM,1,0.7303,1,1,0.1899,0.1031,0.086,-0.0159
0022500231,2025-11-15,2025-26,MIL,LAL,0,0.675,1,0,0.2923,0.1414,-0.0727,-0.0875
0022500232,2025-11-15,2025-26,MIN,DEN,0,0.5908,1,0,0.1507,-0.0681,-0.067,-0.0196
0022500229,2025-11-15,2025-26,CHA,OKC,0,0.4952,0,1,-0.1164,-0.2251,0.0869,0.0317
0022500237,2025-11-16,2025-26,NOP,GSW,0,0.5553,1,0,-0.1663,0.0445,0.0559,-0.0199
0022500236,2025-11-16,2025-26,HOU,ORL,1,0.7498,1,1,0.2236,0.06,0.1245,-0.07
0022500235,2025-11-16,2025-26,WAS,BKN,0,0.5833,1,0,0.2513,-0.1286,-0.0162,-0.086
0022500239,2025-11-16,2025-26,PHX,ATL,0,0.6114,1,0,0.06,-0.0378,0.0648,-0.0092
0022500240,2025-11-16,2025-26,UTA,CHI,1,0.469,0,0,-0.4632,-0.0586,0.0939,0.0835
0022500238,2025-11-16,2025-26,DAL,POR,1,0.4273,0,0,-0.2218,-0.0274,-0.1384,0.0004
0022500234,2025-11-16,2025-26,SAS,SAC,1,0.7306,1,1,0.3375,-0.1146,0.0918,0.0432
0022500233,2025-11-16,2025-26,BOS,LAC,1,0.6599,1,1,-0.11,0.3029,0.0966,-0.096
0022500244,2025-11-17,2025-26,MIA,NYK,1,0.5305,1,1,0.0594,-0.0526,-0.1421,0.0458
0022500243,2025-11-17,2025-26,PHI,LAC,1,0.6501,1,1,-0.025,0.0912,0.0667,-0.0046
0022500248,2025-11-17,2025-26,DEN,CHI,0,0.6792,1,0,0.0368,0.0638,0.0525,0.0516
0022500247,2025-11-17,2025-26,NOP,OKC,0,0.3641,0,1,-0.3942,-0.1683,0.0683,-0.0219
0022500241,2025-11-17,2025-26,CLE,MIL,1,0.5051,1,1,-0.4117,0.0893,0.1069,0.0434
0022500245,2025-11-17,2025-26,TOR,CHA,1,0.7247,1,1,0.2432,0.1925,-0.082,0.0011
0022500246,2025-11-17,2025-26,MIN,DAL,1,0.8126,1,1,0.5857,0.0595,0.0076,-0.0014
0022500242,2025-11-17,2025-26,DET,IND,1,0.8214,1,1,0.7414,-0.0832,0.0227,-0.01
0022500249,2025-11-18,2025-26,ORL,GSW,1,0.7077,1,1,0.071,0.0611,0.0391,0.0756
0022500253,2025-11-18,2025-26,LAL,UTA,1,0.733,1,1,0.4588,-0.0383,-0.0495,-0.0287
0022500252,2025-11-18,2025-26,SAS,MEM,1,0.8032,1,1,0.6335,-0.0978,0.0463,0.0271
0022500250,2025-11-18,2025-26,BKN,BOS,0,0.4657,0,1,-0.1078,-0.2295,-0.0753,0.147
0022500254,2025-11-18,2025-26,POR,PHX,0,0.5058,1,0,-0.3526,0.0456,0.0583,0.0214
0022500251,2025-11-18,2025-26,ATL,DET,0,0.5573,1,0,0.126,-0.0916,-0.0955,0.0058
0022500259,2025-11-19,2025-26,MIN,WAS,1,0.8063,1,1,0.4645,0.0967,0.019,0.0653
0022500263,2025-11-19,2025-26,POR,CHI,0,0.5264,1,0,-0.2342,-0.05,0.0993,0.0182
0022500260,2025-11-19,2025-26,NOP,DEN,0,0.3819,0,1,-0.2551,-0.1749,0.0063,-0.0673
0022500258,2025-11-19,2025-26,PHI,TOR,0,0.4815,0,1,-0.2494,-0.0585,0.0428,0.0157
0022500255,2025-11-19,2025-26,CLE,HOU,0,0.431,0,1,-0.2747,0.0618,-0.1411,-0.0331
0022500256,2025-11-19,2025-26,IND,CHA,1,0.4659,0,0,-0.5458,0.1644,-0.0094,0.0273
0022500261,2025-11-19,2025-26,OKC,SAC,1,0.7616,1,1,0.33,0.0773,0.0595,0.0141
0022500257,2025-11-19,2025-26,MIA,GSW,1,0.6361,1,1,0.0986,0.1253,-0.0496,-0.0287
0022500262,2025-11-19,2025-26,DAL,NYK,0,0.3213,0,1,-0.3828,-0.1855,-0.0982,0.0461
0022500266,2025-11-20,2025-26,MIL,PHI,0,0.6452,1,0,0.3236,0.0366,-0.0999,-0.0575
0022500267,2025-11-20,2025-26,SAS,ATL,1,0.5657,1,1,-0.1181,0.0605,0.0322,-0.0161
0022500264,2025-11-20,2025-26,ORL,LAC,1,0.6421,1,1,-0.0431,0.0155,0.0515,0.0576
0022500265,2025-11-20,2025-26,MEM,SAC,1,0.4797,0,0,-0.3128,0.0122,0.0489,-0.0033
0022500052,2025-11-21,2025-26,DAL,NOP,1,0.5245,1,1,-0.0839,-0.0225,-0.0795,0.0391
0022500056,2025-11-21,2025-26,GSW,POR,0,0.5493,1,0,0.1087,-0.1017,-0.1164,0.0082
0022500053,2025-11-21,2025-26,PHX,MIN,1,0.563,1,1,-0.0206,-0.055,0.0483,-0.0296
0022500048,2025-11-21,2025-26,CLE,IND,1,0.7818,1,1,0.5463,0.0476,-0.0145,-0.0529
0022500049,2025-11-21,2025-26,BOS,BKN,0,0.7103,1,0,0.2278,0.1738,0.0754,-0.1514
0022500054,2025-11-21,2025-26,HOU,DEN,0,0.6236,1,0,-0.0095,-0.0653,0.1549,-0.0558
0022500051,2025-11-21,2025-26,CHI,MIA,0,0.6059,1,0,0.0942,-0.0166,0.0276,-0.0207
0022500055,2025-11-21,2025-26,UTA,OKC,0,0.377,0,1,-0.4744,-0.103,0.0447,0.0101
0022500050,2025-11-21,2025-26,TOR,WAS,1,0.7756,1,1,0.2538,0.1828,0.0286,0.0611
0022500269,2025-11-22,2025-26,ORL,NYK,1,0.5026,1,1,-0.1828,-0.1308,-0.0527,0.1377
0022500273,2025-11-22,2025-26,DAL,MEM,0,0.6136,1,0,0.1993,-0.1356,-0.0138,0.0161
0022500268,2025-11-22,2025-26,CHA,LAC,0,0.5856,1,0,-0.1423,0.0098,0.1034,-0.0128
0022500270,2025-11-22,2025-26,NOP,ATL,0,0.4261,0,1,-0.5444,0.0944,0.0981,-0.032
0022500272,2025-11-22,2025-26,MIL,DET,0,0.4468,0,1,-0.0057,-0.0332,-0.1347,-0.0783
0022500271,2025-11-22,2025-26,CHI,WAS,1,0.6734,1,1,0.1168,0.1121,0.0042,0.0201
0022500274,2025-11-22,2025-26,DEN,SAC,0,0.8386,1,0,0.4166,0.1212,0.1152,0.0873
0022500282,2025-11-23,2025-26,UTA,LAL,0,0.4573,0,1,-0.3579,0.0039,0.0384,-0.039
0022500275,2025-11-23,2025-26,PHI,MIA,0,0.532,1,0,-0.0925,-0.0853,0.0826,-0.026
0022500276,2025-11-23,2025-26,ATL,CHA,1,0.7065,1,1,0.5068,-0.0149,-0.1158,-0.0398
0022500277,2025-11-23,2025-26,BOS,ORL,1,0.5578,1,1,-0.0487,0.1384,0.0311,-0.1985
0022500280,2025-11-23,2025-26,OKC,POR,1,0.7267,1,1,0.4235,0.0867,-0.1628,0.0074
0022500278,2025-11-23,2025-26,CLE,LAC,1,0.6898,1,1,0.1165,0.1098,0.0708,-0.0472
0022500279,2025-11-23,2025-26,TOR,BKN,1,0.7933,1,1,0.4598,0.0742,0.0556,-0.027
0022500281,2025-11-23,2025-26,PHX,SAS,1,0.6224,1,1,0.0447,-0.0587,0.0844,0.0032
0022500288,2025-11-24,2025-26,MIL,POR,0,0.6128,1,0,0.4059,0.0192,-0.2103,-0.0868
0022500291,2025-11-24,2025-26,GSW,UTA,1,0.5828,1,1,0.0005,-0.0023,-0.0455,0.0148
0022500285,2025-11-24,2025-26,BKN,NYK,0,0.3974,0,1,-0.333,-0.1179,-0.1015,0.0956
0022500290,2025-11-24,2025-26,PHX,HOU,0,0.589,1,0,0.0778,-0.0274,-0.0792,0.002
0022500287,2025-11-24,2025-26,MEM,DEN,0,0.2878,0,1,-0.6661,-0.0215,-0.0313,-0.0514
0022500284,2025-11-24,2025-26,TOR,CLE,1,0.6631,1,1,0.1641,0.0062,-0.0318,0.0511
0022500289,2025-11-24,2025-26,NOP,CHI,1,0.4889,0,0,-0.2036,-0.0914,0.0778,-0.0121
0022500292,2025-11-24,2025-26,SAC,MIN,1,0.3516,0,0,-0.3738,0.0122,-0.1103,-0.0672
0022500283,2025-11-24,2025-26,IND,DET,0,0.3041,0,1,-0.8291,0.0308,0.0176,0.0494
0022500286,2025-11-24,2025-26,MIA,DAL,1,0.7322,1,1,0.1845,0.1948,-0.0047,-0.0067
0022500057,2025-11-25,2025-26,WAS,ATL,1,0.4055,0,0,-0.3247,-0.0931,0.0174,0.0323
0022500059,2025-11-25,2025-26,LAL,LAC,1,0.6716,1,1,0.2019,-0.0603,0.0309,0.019
0022500058,2025-11-25,2025-26,PHI,ORL,0,0.4573,0,1,-0.1845,-0.0582,0.0142,-0.1028
0022500060,2025-11-26,2025-26,BOS,DET,1,0.5573,1,1,-0.1731,0.1833,0.0084,-0.0727
0022500064,2025-11-26,2025-26,OKC,MIN,1,0.6712,1,1,0.2162,0.0486,-0.0485,-0.0038
0022500066,2025-11-26,2025-26,GSW,HOU,0,0.4978,0,1,-0.0502,-0.0656,-0.1626,0.0526
0022500061,2025-11-26,2025-26,CHA,NYK,0,0.3936,0,1,-0.3731,-0.1618,0.0149,0.053
0022500067,2025-11-26,2025-26,POR,SAS,0,0.5115,1,0,-0.3774,0.0465,0.1256,-0.0252
0022500063,2025-11-26,2025-26,TOR,IND,1,0.8232,1,1,0.6582,0.055,-0.0227,-0.0127
0022500068,2025-11-26,2025-26,SAC,PHX,0,0.3757,0,1,-0.3556,0.0651,-0.1598,-0.025
0022500065,2025-11-26,2025-26,NOP,MEM,0,0.6393,1,0,0.1801,-0.1149,0.0552,-0.0003
0022500062,2025-11-26,2025-26,MIA,MIL,1,0.5785,1,1,-0.2867,0.1158,0.0949,0.0886
0022500079,2025-11-28,2025-26,LAC,MEM,0,0.6723,1,0,0.289,-0.0773,-0.0516,0.0707
0022500069,2025-11-28,2025-26,ATL,CLE,1,0.6421,1,1,0.3955,-0.0804,-0.0261,-0.0611
0022500076,2025-11-28,2025-26,DEN,SAS,0,0.7337,1,0,0.2199,0.0712,0.0276,0.045
0022500072,2025-11-28,2025-26,DET,ORL,0,0.6252,1,0,0.1969,-0.0947,0.0166,-0.0572
0022500075,2025-11-28,2025-26,OKC,PHX,1,0.6763,1,1,0.1927,0.118,-0.1316,0.0432
0022500070,2025-11-28,2025-26,BKN,PHI,0,0.5847,1,0,-0.0371,0.0157,-0.075,0.0703
0022500078,2025-11-28,2025-26,LAL,DAL,1,0.7994,1,1,0.4977,0.0035,0.0195,0.0441
0022500073,2025-11-28,2025-26,IND,WAS,1,0.4585,0,0,-0.4877,0.0678,0.0122,0.0803
0022500077,2025-11-28,2025-26,UTA,SAC,1,0.6586,1,1,0.127,-0.0578,0.0863,0.0394
0022500074,2025-11-28,2025-26,NYK,MIL,1,0.7241,1,1,0.0965,0.1081,0.1501,0.0534
0022500071,2025-11-28,2025-26,CHA,CHI,1,0.5062,1,1,-0.2344,-0.0692,0.1031,-0.0008
0022500297,2025-11-29,2025-26,MIL,BKN,1,0.623,1,1,0.3739,0.0012,-0.0724,-0.1404
0022500300,2025-11-29,2025-26,LAC,DAL,0,0.6843,1,0,0.1828,0.0514,-0.0361,0.0302
0022500295,2025-11-29,2025-26,IND,CHI,1,0.4706,0,0,-0.2523,-0.0727,0.0324,0.0166
0022500293,2025-11-29,2025-26,MIN,BOS,1,0.4838,0,0,-0.164,-0.1507,-0.0223,0.1018
0022500294,2025-11-29,2025-26,CHA,TOR,1,0.4254,0,0,-0.3094,-0.0933,0.0392,-0.0224
0022500298,2025-11-29,2025-26,GSW,NOP,1,0.6395,1,1,0.1316,-0.0132,-0.0526,0.0449
0022500296,2025-11-29,2025-26,MIA,DET,0,0.5248,1,0,-0.27,0.1418,-0.0357,-0.0164
0022500299,2025-11-29,2025-26,PHX,DEN,0,0.4441,0,1,-0.2191,-0.0983,0.0142,-0.0567
0022500308,2025-11-30,2025-26,LAL,NOP,1,0.7786,1,1,0.494,-0.0395,-0.0501,0.0903
0022500305,2025-11-30,2025-26,POR,OKC,0,0.4193,0,1,-0.4637,-0.0946,0.1639,-0.0307
0022500301,2025-11-30,2025-26,UTA,HOU,0,0.5404,1,0,0.0678,-0.0994,-0.1448,0.0525
0022500303,2025-11-30,2025-26,NYK,TOR,1,0.6384,1,1,0.0843,0.0424,0.017,-0.0151
0022500304,2025-11-30,2025-26,PHI,ATL,0,0.4061,0,1,-0.5375,0.0187,0.0628,0.0574
0022500302,2025-11-30,2025-26,CLE,BOS,0,0.4668,0,1,-0.1333,-0.0978,-0.0595,0.0537
0022500307,2025-11-30,2025-26,SAC,MEM,0,0.542,1,0,0.0622,-0.025,-0.0902,-0.0015
0022500306,2025-11-30,2025-26,MIN,SAS,1,0.53,1,1,-0.1509,-0.0195,-0.0009,0.0278
0022500315,2025-12-01,2025-26,DEN,DAL,0,0.8682,1,0,0.6689,0.0585,0.0932,0.0464
0022500309,2025-12-01,2025-26,DET,ATL,1,0.5687,1,1,-0.1842,-0.0245,0.0927,0.077
0022500316,2025-12-01,2025-26,UTA,HOU,1,0.5341,1,1,0.0846,-0.0864,-0.1658,0.0284
0022500314,2025-12-01,2025-26,ORL,CHI,1,0.6991,1,1,0.0215,0.0584,0.0887,0.0952
0022500311,2025-12-01,2025-26,WAS,MIL,1,0.4812,0,0,-0.2651,-0.0151,0.053,0.0523
0022500310,2025-12-01,2025-26,IND,CLE,0,0.5147,1,0,-0.2078,0.0018,-0.0171,0.0583
0022500313,2025-12-01,2025-26,MIA,LAC,1,0.635,1,1,-0.0466,0.1088,0.0645,-0.0411
0022500312,2025-12-01,2025-26,BKN,CHA,1,0.5903,1,1,0.1201,-0.0932,-0.0618,0.0385
0022500317,2025-12-01,2025-26,LAL,PHX,0,0.7155,1,0,0.2982,-0.0215,-0.0741,0.1028
0022500318,2025-12-02,2025-26,PHI,WAS,1,0.5254,1,1,-0.2074,0.0019,0.0269,0.0538
0022500321,2025-12-02,2025-26,NOP,MIN,0,0.4958,0,1,-0.2145,-0.0157,0.0317,-0.0295
0022500322,2025-12-02,2025-26,SAS,MEM,1,0.7087,1,1,0.3135,0.0191,-0.0516,0.0437
0022500319,2025-12-02,2025-26,TOR,POR,1,0.6799,1,1,0.2902,0.0506,-0.1003,-0.0249
0022500323,2025-12-02,2025-26,GSW,OKC,0,0.3903,0,1,-0.4,-0.1089,0.0709,-0.0287
0022500320,2025-12-02,2025-26,BOS,NYK,1,0.6091,1,1,0.0567,0.0294,0.0203,-0.0324
0022500326,2025-12-03,2025-26,ORL,SAS,0,0.618,1,0,-0.0432,0.0018,0.0304,0.0583
0022500332,2025-12-03,2025-26,DAL,MIA,1,0.4801,0,0,-0.1462,-0.0526,-0.0441,0.0112
0022500330,2025-12-03,2025-26,HOU,SAC,1,0.784,1,1,0.1977,0.0385,0.2395,0.0431
0022500329,2025-12-03,2025-26,CHI,BKN,0,0.6086,1,0,0.154,0.0102,-0.0163,-0.0574
0022500327,2025-12-03,2025-26,ATL,LAC,0,0.676,1,0,0.4139,-0.0014,0.0091,-0.1467
0022500325,2025-12-03,2025-26,IND,DEN,0,0.3013,0,1,-0.5684,-0.0653,-0.0763,-0.0026
0022500331,2025-12-03,2025-26,MIL,DET,1,0.5338,1,1,0.1463,0.0378,-0.1381,-0.1006
0022500328,2025-12-03,2025-26,NYK,CHA,1,0.764,1,1,0.4124,0.04,0.0486,-0.0128
0022500324,2025-12-03,2025-26,CLE,POR,0,0.7063,1,0,0.3849,0.0678,-0.089,-0.0615
0022500337,2025-12-04,2025-26,NOP,MIN,0,0.5245,1,0,-0.1823,0.0041,0.014,0.0001
0022500335,2025-12-04,2025-26,BKN,UTA,0,0.4958,0,1,-0.1406,0.0026,-0.0637,-0.0091
0022500333,2025-12-04,2025-26,PHI,GSW,1,0.5599,1,1,-0.0858,0.0728,-0.0343,-0.0062
0022500334,2025-12-04,2025-26,WAS,BOS,0,0.3744,0,1,-0.2386,-0.122,-0.0931,0.012
0022500336,2025-12-04,2025-26,TOR,LAL,0,0.4514,0,1,-0.3057,0.0435,0.0161,-0.0825
0022500347,2025-12-05,2025-26,MEM,LAC,1,0.5673,1,1,-0.1082,0.045,0.0987,-0.0989
0022500340,2025-12-05,2025-26,ATL,DEN,0,0.3191,0,1,-0.3358,-0.0645,-0.0803,-0.1019
0022500339,2025-12-05,2025-26,ORL,MIA,1,0.6503,1,1,0.1117,-0.0063,-0.0019,0.0418
0022500349,2025-12-05,2025-26,OKC,DAL,1,0.7534,1,1,0.4757,0.0114,-0.0499,0.0524
0022500338,2025-12-05,2025-26,BOS,LAL,1,0.6592,1,1,0.0406,0.1817,0.09,-0.1413
0022500344,2025-12-05,2025-26,TOR,CHA,0,0.7081,1,0,0.3764,-0.0518,0.0134,-0.0088
0022500342,2025-12-05,2025-26,DET,POR,1,0.7115,1,1,0.4091,-0.0759,-0.0305,-0.0266
0022500348,2025-12-05,2025-26,MIL,PHI,0,0.6347,1,0,0.3796,-0.0444,-0.0809,-0.0479
0022500345,2025-12-05,2025-26,CHI,IND,0,0.5528,1,0,-0.0308,0.0603,-0.0163,-0.0622
0022500341,2025-12-05,2025-26,CLE,SAS,1,0.5389,1,1,0.0096,-0.0458,0.0016,-0.0453
0022500346,2025-12-05,2025-26,HOU,PHX,1,0.646,1,1,-0.1798,0.1119,0.1146,0.0451
0022500343,2025-12-05,2025-26,NYK,UTA,1,0.6997,1,1,0.1029,0.1452,0.0561,-0.029
0022500356,2025-12-06,2025-26,DAL,HOU,1,0.4672,0,0,-0.0476,0.0151,-0.1874,-0.0459
0022500354,2025-12-06,2025-26,MIA,SAC,0,0.6707,1,0,0.139,0.0078,0.0468,0.0559
0022500352,2025-12-06,2025-26,CLE,GSW,0,0.7145,1,0,0.278,0.0988,-0.0342,0.018
0022500351,2025-12-06,2025-26,WAS,ATL,0,0.4829,0,1,-0.2552,0.0039,0.0274,0.0423
0022500350,2025-12-06,2025-26,BKN,NOP,1,0.579,1,1,0.1292,-0.1506,-0.0266,0.0295
0022500353,2025-12-06,2025-26,DET,MIL,1,0.6341,1,1,-0.1443,-0.0291,0.1458,0.1335
0022500355,2025-12-06,2025-26,MIN,LAC,1,0.6836,1,1,0.1962,0.0148,0.0633,-0.032
0022500359,2025-12-07,2025-26,CHA,DEN,0,0.2489,0,1,-0.7856,-0.0593,-0.024,0.0092
0022500363,2025-12-07,2025-26,UTA,OKC,0,0.4027,0,1,-0.4297,-0.0689,0.0659,-0.0028
0022500361,2025-12-07,2025-26,CHI,GSW,0,0.6123,1,0,0.1241,0.031,-0.0704,0.0174
0022500358,2025-12-07,2025-26,TOR,BOS,0,0.3087,0,1,-0.5169,-0.1256,-0.0314,0.0292
0022500362,2025-12-07,2025-26,PHI,LAL,0,0.3403,0,1,-0.5073,0.0105,0.0028,-0.1106
0022500360,2025-12-07,2025-26,MEM,POR,1,0.6513,1,1,0.2132,0.0831,-0.0477,-0.1168
0022500357,2025-12-07,2025-26,NYK,ORL,1,0.6744,1,1,0.3188,-0.0819,0.038,-0.0455
0022500365,2025-12-08,2025-26,MIN,PHX,0,0.6837,1,0,0.1772,0.0171,-0.0499,0.0955
0022500366,2025-12-08,2025-26,NOP,SAS,0,0.478,0,1,-0.2402,-0.0404,0.0197,0.0056
0022500364,2025-12-08,2025-26,IND,SAC,1,0.6708,1,1,0.2819,-0.1208,0.0183,0.0846
0022501201,2025-12-09,2025-26,ORL,MIA,1,0.6386,1,1,0.0212,0.0527,0.0275,0.0117
0022501202,2025-12-09,2025-26,TOR,NYK,0,0.3612,0,1,-0.3639,-0.1161,-0.0219,-0.0195
0022501203,2025-12-10,2025-26,OKC,PHX,1,0.8058,1,1,0.624,0.0701,-0.1324,0.1042
0022501204,2025-12-10,2025-26,LAL,SAS,0,0.6982,1,0,0.3284,-0.1211,-0.0035,0.0719
0022501208,2025-12-11,2025-26,SAC,DEN,0,0.2304,0,1,-0.7787,0.0346,-0.0458,-0.0743
0022501207,2025-12-11,2025-26,NOP,POR,1,0.6987,1,1,0.2064,0.1905,-0.1023,-0.0522
0022501206,2025-12-11,2025-26,MIL,BOS,1,0.3509,0,0,-0.2251,-0.1245,-0.1291,0.003
0022501205,2025-12-11,2025-26,HOU,LAC,1,0.676,1,1,0.0438,-0.0296,0.1891,-0.0237
0022501213,2025-12-12,2025-26,MEM,UTA,0,0.6044,1,0,0.0003,0.0346,0.0696,-0.0563
0022501209,2025-12-12,2025-26,CHA,CHI,0,0.6042,1,0,-0.05,0.0232,0.0441,0.0294
0022501210,2025-12-12,2025-26,DET,ATL,1,0.6077,1,1,-0.0869,-0.1107,0.0893,0.1525
0022501215,2025-12-12,2025-26,GSW,MIN,0,0.4542,0,1,-0.2319,-0.008,0.0086,-0.0763
0022501212,2025-12-12,2025-26,WAS,CLE,0,0.4786,0,1,0.0165,-0.1518,-0.0701,0.0087
0022501211,2025-12-12,2025-26,PHI,IND,1,0.4565,0,0,-0.348,0.0043,0.0797,-0.0278
0022501214,2025-12-12,2025-26,DAL,BKN,1,0.6488,1,1,0.0827,0.1761,-0.0339,-0.0498
0022501220,2025-12-14,2025-26,MIN,SAC,1,0.7291,1,1,0.3553,-0.0915,0.0408,0.0967
0022501216,2025-12-14,2025-26,IND,WAS,0,0.5993,1,0,-0.0062,0.1024,-0.0588,0.0259
0022501228,2025-12-14,2025-26,PHX,LAL,0,0.3015,0,1,-0.5344,-0.0579,0.0536,-0.1325
0022501217,2025-12-14,2025-26,ATL,PHI,1,0.6522,1,1,0.3066,-0.0321,-0.0,-0.0688
0022501218,2025-12-14,2025-26,CLE,CHA,0,0.67,1,0,0.0403,0.1335,0.068,-0.028
0022501223,2025-12-14,2025-26,CHI,NOP,0,0.4546,0,1,-0.1212,-0.1209,-0.0258,-0.0146
0022501219,2025-12-14,2025-26,BKN,MIL,1,0.4656,0,0,-0.3247,-0.0488,0.0673,0.049
0022501221,2025-12-14,2025-26,POR,GSW,1,0.5825,1,1,-0.065,-0.1161,0.0122,0.1235
0022501225,2025-12-15,2025-26,DEN,HOU,1,0.8071,1,1,0.6282,0.134,-0.1519,0.0119
0022501226,2025-12-15,2025-26,LAC,MEM,0,0.5433,1,0,-0.0962,0.0007,-0.0731,0.072
0022501227,2025-12-15,2025-26,MIA,TOR,0,0.7103,1,0,0.1724,0.1258,-0.0348,0.0674
0022501224,2025-12-15,2025-26,UTA,DAL,1,0.5267,1,1,-0.0954,-0.1044,0.0287,0.0642
0022501222,2025-12-15,2025-26,BOS,DET,0,0.706,1,0,0.2553,0.1878,-0.0163,-0.1291
0022500368,2025-12-17,2025-26,MIN,MEM,0,0.6437,1,0,0.0702,0.0426,-0.0288,0.0611
0022500367,2025-12-17,2025-26,CHI,CLE,1,0.4981,0,0,0.0013,-0.1347,-0.0489,0.0102
0022500373,2025-12-18,2025-26,BKN,MIA,0,0.5954,1,0,0.1801,-0.1797,0.0244,0.0207
0022500380,2025-12-18,2025-26,POR,SAC,1,0.5877,1,1,-0.0045,-0.1792,0.0613,0.1176
0022500370,2025-12-18,2025-26,SAS,WAS,1,0.6681,1,1,-0.0176,0.1168,0.0166,0.0636
0022500369,2025-12-18,2025-26,OKC,LAC,1,0.8209,1,1,0.6596,0.1336,-0.0667,-0.0103
0022500372,2025-12-18,2025-26,IND,NYK,0,0.3417,0,1,-0.3879,-0.03,-0.1324,0.002
0022500374,2025-12-18,2025-26,MIL,TOR,0,0.7058,1,0,0.4424,-0.0176,-0.0955,0.0507
0022500371,2025-12-18,2025-26,CHA,ATL,1,0.5196,1,1,-0.142,0.0128,-0.0359,0.0399
0022500377,2025-12-18,2025-26,DEN,ORL,1,0.8092,1,1,0.6989,-0.0184,-0.0255,0.0165
0022500379,2025-12-18,2025-26,UTA,LAL,0,0.4648,0,1,-0.252,0.0316,-0.0155,-0.0563
0022500376,2025-12-18,2025-26,DAL,DET,1,0.586,1,1,0.073,0.1803,-0.1322,-0.1222
0022500375,2025-12-18,2025-26,NOP,HOU,1,0.6169,1,1,-0.0182,0.202,-0.1507,0.0154
0022500378,2025-12-18,2025-26,PHX,GSW,1,0.4741,0,0,-0.1586,-0.0169,-0.0152,-0.025
0022500384,2025-12-19,2025-26,CLE,CHI,0,0.6013,1,0,-0.1648,0.1428,0.0611,0.0069
0022500381,2025-12-19,2025-26,BOS,MIA,1,0.8029,1,1,0.5387,0.0562,0.0855,-0.0265
0022500382,2025-12-19,2025-26,NYK,PHI,0,0.821,1,0,0.6356,0.0127,0.0603,-0.025
0022500383,2025-12-19,2025-26,ATL,SAS,0,0.4794,0,1,0.0306,-0.1716,-0.0041,-0.0696
0022500385,2025-12-19,2025-26,MIN,OKC,1,0.4687,0,0,-0.255,-0.1005,0.0891,0.0121
0022500387,2025-12-20,2025-26,PHI,DAL,1,0.4659,0,0,-0.3247,-0.0315,0.0293,0.0499
0022500386,2025-12-20,2025-26,DEN,HOU,0,0.8034,1,0,0.6403,0.1617,-0.1894,0.0111
0022500394,2025-12-20,2025-26,SAC,POR,0,0.5313,1,0,-0.1049,0.1412,-0.0629,-0.1111
0022500388,2025-12-20,2025-26,TOR,BOS,0,0.2679,0,1,-0.5667,-0.1278,0.0022,-0.0508
0022500390,2025-12-20,2025-26,DET,CHA,1,0.6328,1,1,-0.1216,-0.0106,0.1397,0.0664
0022500395,2025-12-20,2025-26,LAC,LAL,1,0.3389,0,0,-0.3428,-0.1592,-0.047,-0.0508
0022500391,2025-12-20,2025-26,MEM,WAS,0,0.6526,1,0,0.2201,-0.0242,0.0055,-0.0027
0022500389,2025-12-20,2025-26,NOP,IND,1,0.661,1,1,0.0731,0.068,0.036,0.0322
0022500393,2025-12-20,2025-26,UTA,ORL,0,0.6575,1,0,0.2374,-0.0718,-0.0388,0.0621
0022500392,2025-12-20,2025-26,GSW,PHX,1,0.6388,1,1,0.1106,0.0363,0.0231,-0.0029
0022500396,2025-12-21,2025-26,ATL,CHI,0,0.567,1,0,0.0431,-0.0497,0.002,0.0104
0022500399,2025-12-21,2025-26,WAS,SAS,0,0.4496,0,1,-0.2011,-0.0822,0.0216,-0.0401
0022500400,2025-12-21,2025-26,MIN,MIL,1,0.6608,1,1,-0.112,0.145,0.0692,0.0797
0022500401,2025-12-21,2025-26,SAC,HOU,1,0.4004,0,0,-0.3504,0.1165,-0.1713,-0.0407
0022500398,2025-12-21,2025-26,NYK,MIA,1,0.7772,1,1,0.3781,-0.0048,0.1358,0.0157
0022500397,2025-12-21,2025-26,BKN,TOR,1,0.6322,1,1,0.1136,-0.0047,-0.0352,0.0797
0022500402,2025-12-22,2025-26,CLE,CHA,1,0.662,1,1,-0.0518,0.154,0.0833,0.0044
0022500408,2025-12-22,2025-26,POR,DET,0,0.5499,1,0,-0.0396,-0.0569,-0.0764,0.0273
0022500405,2025-12-22,2025-26,DEN,UTA,1,0.7481,1,1,0.4955,0.0233,-0.0197,-0.0434
0022500407,2025-12-22,2025-26,GSW,ORL,1,0.5206,1,1,0.0434,-0.1571,0.0341,-0.0409
0022500406,2025-12-22,2025-26,OKC,MEM,1,0.6811,1,1,0.149,0.1769,-0.1176,0.0599
0022500403,2025-12-22,2025-26,BOS,IND,1,0.7443,1,1,0.4428,-0.0313,0.0833,-0.0303
0022500404,2025-12-22,2025-26,NOP,DAL,1,0.5703,1,1,-0.1394,0.0381,0.0184,0.0508
0022500416,2025-12-23,2025-26,MIN,NYK,1,0.4691,0,0,-0.3156,0.019,-0.0499,0.0549
0022500419,2025-12-23,2025-26,UTA,MEM,0,0.6333,1,0,-0.0405,0.1463,-0.0499,0.0538
0022500422,2025-12-23,2025-26,LAC,HOU,1,0.4283,0,0,-0.2745,0.0091,-0.1553,0.0213
0022500412,2025-12-23,2025-26,CLE,NOP,1,0.544,1,1,-0.0994,0.0045,0.0559,-0.0525
0022500415,2025-12-23,2025-26,DAL,DEN,1,0.3498,0,0,-0.4476,-0.0626,0.0288,-0.0289
0022500420,2025-12-23,2025-26,POR,ORL,0,0.616,1,0,0.1237,-0.2024,0.024,0.0978
0022500409,2025-12-23,2025-26,CHA,WAS,1,0.5845,1,1,0.1759,-0.1107,-0.0323,0.0006
0022500417,2025-12-23,2025-26,SAS,OKC,1,0.4997,0,0,-0.2398,-0.0356,0.0944,0.0064
0022500414,2025-12-23,2025-26,MIA,TOR,0,0.6966,1,0,0.0855,0.1612,-0.0394,0.1087
0022500411,2025-12-23,2025-26,ATL,CHI,0,0.5279,1,0,-0.0703,-0.0258,-0.0026,0.0024
0022500418,2025-12-23,2025-26,PHX,LAL,1,0.3801,0,0,-0.2854,-0.0555,-0.0111,-0.1186
0022500421,2025-12-23,2025-26,SAC,DET,0,0.5006,1,0,-0.1171,0.0513,-0.1173,-0.0328
0022500413,2025-12-23,2025-26,IND,MIL,0,0.5226,1,0,-0.3979,0.2262,0.0206,0.0169
0022500410,2025-12-23,2025-26,PHI,BKN,0,0.617,1,0,-0.3141,0.2707,0.0354,0.0555
0022500013,2025-12-25,2025-26,DEN,MIN,1,0.7625,1,1,0.6146,0.0539,-0.0877,-0.0568
0022500010,2025-12-25,2025-26,OKC,SAS,0,0.6021,1,0,0.2086,0.0,-0.0764,-0.0364
0022500011,2025-12-25,2025-26,GSW,DAL,1,0.4433,0,0,-0.2461,-0.0748,0.0461,-0.0202
0022500012,2025-12-25,2025-26,LAL,HOU,0,0.6125,1,0,-0.1359,0.1716,-0.1048,0.0751
0022500009,2025-12-25,2025-26,NYK,CLE,1,0.6583,1,1,0.265,-0.0858,0.023,0.0022
0022500427,2025-12-26,2025-26,CHI,PHI,1,0.6904,1,1,0.4844,-0.108,-0.0282,-0.0673
0022500425,2025-12-26,2025-26,WAS,TOR,1,0.6763,1,1,-0.0444,0.1839,0.0216,0.0795
0022500423,2025-12-26,2025-26,ATL,MIA,0,0.6333,1,0,0.2615,-0.0615,0.0106,-0.0293
0022500431,2025-12-26,2025-26,POR,LAC,0,0.5576,1,0,-0.1575,-0.0363,0.0527,0.0233
0022500430,2025-12-26,2025-26,UTA,DET,1,0.6652,1,1,0.2145,0.0606,-0.1546,0.0402
0022500426,2025-12-26,2025-26,IND,BOS,0,0.3613,0,1,-0.5427,0.0587,-0.0898,0.0505
0022500428,2025-12-26,2025-26,MEM,MIL,1,0.6217,1,1,-0.002,0.042,0.059,0.0147
0022500424,2025-12-26,2025-26,ORL,CHA,0,0.5428,1,0,-0.2202,0.1158,-0.0016,0.0165
0022500429,2025-12-26,2025-26,NOP,PHX,0,0.6776,1,0,0.0857,0.0728,-0.005,0.0813
0022500433,2025-12-27,2025-26,ORL,DEN,1,0.2623,0,0,-0.8222,0.0018,0.0793,-0.0342
0022500437,2025-12-27,2025-26,CHI,MIL,0,0.6826,1,0,0.0139,0.1744,0.0637,0.0049
0022500436,2025-12-27,2025-26,MIA,IND,1,0.5188,1,1,-0.0855,-0.0386,0.0123,-0.0124
0022500432,2025-12-27,2025-26,SAC,DAL,1,0.4488,0,0,-0.3901,0.0079,0.042,0.0244
0022500435,2025-12-27,2025-26,ATL,NYK,0,0.4235,0,1,-0.1634,-0.0708,-0.0782,-0.0252
0022500440,2025-12-27,2025-26,SAS,UTA,0,0.6327,1,0,0.1412,-0.0139,0.0478,-0.0571
0022500438,2025-12-27,2025-26,HOU,CLE,1,0.6152,1,1,0.1812,-0.2374,0.1531,-0.0174
0022500434,2025-12-27,2025-26,NOP,PHX,0,0.6362,1,0,-0.0171,0.0697,-0.0071,0.0764
0022500439,2025-12-27,2025-26,MIN,BKN,0,0.6425,1,0,-0.2073,0.214,0.0306,0.0703
0022500441,2025-12-28,2025-26,TOR,GSW,1,0.4534,0,0,-0.1667,-0.0255,-0.0274,-0.0405
0022500444,2025-12-28,2025-26,POR,BOS,1,0.3242,0,0,-0.5176,-0.2193,-0.003,0.0901
0022500446,2025-12-28,2025-26,LAL,SAC,1,0.6944,1,1,0.2665,-0.0191,-0.0125,0.0359
0022500445,2025-12-28,2025-26,LAC,DET,1,0.5779,1,1,0.2222,-0.1517,-0.1356,0.035
0022500442,2025-12-28,2025-26,OKC,PHI,1,0.7523,1,1,0.6642,-0.0128,-0.0804,-0.0796
0022500443,2025-12-28,2025-26,WAS,MEM,1,0.5363,1,1,-0.2506,0.1133,0.0354,-0.0148
0022500453,2025-12-29,2025-26,HOU,IND,1,0.75,1,1,0.4812,-0.1868,0.1751,-0.0172
0022500449,2025-12-29,2025-26,BKN,GSW,0,0.5942,1,0,0.1627,-0.0901,-0.0382,0.0095
0022500451,2025-12-29,2025-26,TOR,ORL,1,0.469,0,0,0.0283,-0.1635,0.0065,-0.0843
0022500457,2025-12-29,2025-26,POR,DAL,1,0.481,0,0,-0.1925,-0.1863,0.0859,0.0405
0022500448,2025-12-29,2025-26,WAS,PHX,0,0.6081,1,0,-0.053,0.0862,-0.005,0.0386
0022500452,2025-12-29,2025-26,CHI,MIN,0,0.6267,1,0,0.2384,-0.0592,0.0029,-0.0663
0022500454,2025-12-29,2025-26,NOP,NYK,0,0.4857,0,1,-0.3207,0.0529,-0.0509,0.0562
0022500455,2025-12-29,2025-26,OKC,ATL,1,0.6391,1,1,0.0817,0.1222,-0.0031,-0.0195
0022500456,2025-12-29,2025-26,SAS,CLE,0,0.6493,1,0,0.0979,0.0219,0.0178,0.0362
0022500450,2025-12-29,2025-26,MIA,DEN,1,0.2989,0,0,-0.656,-0.0144,0.0297,-0.0321
0022500447,2025-12-29,2025-26,CHA,MIL,0,0.6812,1,0,0.1082,0.0909,0.0743,-0.0165
0022500461,2025-12-30,2025-26,LAC,SAC,1,0.7073,1,1,0.4032,-0.0968,-0.0579,0.0588
0022500459,2025-12-30,2025-26,UTA,BOS,0,0.5131,1,0,-0.1903,0.0196,-0.0737,0.0772
0022500460,2025-12-30,2025-26,LAL,DET,0,0.596,1,0,0.1117,-0.0185,-0.0979,-0.0009
0022500458,2025-12-30,2025-26,MEM,PHI,0,0.686,1,0,0.4822,-0.0981,-0.0665,-0.0545
0022500469,2025-12-31,2025-26,MIL,WAS,0,0.4905,0,1,0.0515,-0.1581,-0.0746,0.009
0022500463,2025-12-31,2025-26,ATL,MIN,1,0.5793,1,1,0.2573,-0.1507,-0.039,-0.0344
0022500464,2025-12-31,2025-26,IND,ORL,0,0.512,1,0,-0.023,-0.0505,-0.0471,-0.0251
0022500468,2025-12-31,2025-26,TOR,DEN,0,0.2858,0,1,-0.6177,-0.0669,0.0814,-0.0845
0022500470,2025-12-31,2025-26,OKC,POR,1,0.7329,1,1,0.2732,0.2503,-0.0673,-0.0479
0022500467,2025-12-31,2025-26,SAS,NYK,1,0.5574,1,1,-0.1059,0.0197,-0.0278,0.0375
0022500466,2025-12-31,2025-26,CHI,NOP,1,0.5538,1,1,0.1358,-0.0682,-0.016,-0.1
0022500462,2025-12-31,2025-26,CHA,GSW,0,0.6011,1,0,0.0622,0.0167,0.006,-0.0407
0022500465,2025-12-31,2025-26,CLE,PHX,1,0.6307,1,1,0.1145,0.0828,-0.0528,-0.0086
0022500473,2026-01-01,2025-26,DAL,PHI,0,0.6732,1,0,0.485,-0.1108,-0.07,-0.0691
0022500475,2026-01-01,2025-26,LAC,UTA,1,0.5989,1,1,0.0989,-0.1099,0.0032,0.034
0022500474,2026-01-01,2025-26,SAC,BOS,0,0.346,0,1,-0.5219,-0.091,0.0098,0.0272
0022500471,2026-01-01,2025-26,BKN,HOU,0,0.4712,0,1,-0.0841,-0.0479,-0.1738,0.0418
0022500472,2026-01-01,2025-26,DET,MIA,0,0.6911,1,0,0.1982,-0.0733,0.1027,0.0253
0022500479,2026-01-02,2025-26,NYK,ATL,0,0.6832,1,0,0.1339,0.0377,0.0836,0.0179
0022500482,2026-01-02,2025-26,NOP,POR,0,0.6905,1,0,-0.0962,0.2656,-0.0151,0.0537
0022500477,2026-01-02,2025-26,WAS,BKN,1,0.6228,1,1,-0.1651,0.2422,0.0357,-0.0299
0022500484,2026-01-02,2025-26,GSW,OKC,0,0.6015,1,0,0.1195,-0.164,0.0728,0.0393
0022500476,2026-01-02,2025-26,IND,SAS,0,0.3793,0,1,-0.3269,-0.013,-0.0703,-0.0629
0022500480,2026-01-02,2025-26,CHI,ORL,1,0.6975,1,1,0.4081,-0.0239,-0.0088,-0.0502
0022500483,2026-01-02,2025-26,PHX,SAC,1,0.6471,1,1,0.1554,-0.0044,0.0421,-0.0401
0022500478,2026-01-02,2025-26,CLE,DEN,1,0.4399,0,0,-0.253,-0.0284,0.0402,-0.0641
0022500481,2026-01-02,2025-26,MIL,CHA,1,0.4575,0,0,-0.0943,-0.0831,-0.1021,0.0315
0022500485,2026-01-02,2025-26,LAL,MEM,1,0.5822,1,1,-0.096,0.0351,0.0172,0.0218
0022500492,2026-01-03,2025-26,GSW,UTA,1,0.5282,1,1,-0.0216,-0.1168,0.0516,-0.0542
0022500491,2026-01-03,2025-26,DAL,HOU,1,0.4147,0,0,-0.3223,0.1041,-0.2042,0.0248
0022500493,2026-01-03,2025-26,LAC,BOS,0,0.6234,1,0,0.0914,-0.0954,-0.0161,0.1004
0022500490,2026-01-03,2025-26,SAS,POR,0,0.6936,1,0,0.0398,0.2128,-0.0441,0.0207
0022500488,2026-01-03,2025-26,TOR,ATL,1,0.4116,0,0,-0.4119,0.0044,0.0804,-0.0276
0022500487,2026-01-03,2025-26,NYK,PHI,0,0.7008,1,0,0.4443,-0.0771,0.0007,-0.0675
0022500486,2026-01-03,2025-26,MIA,MIN,0,0.5359,1,0,-0.0175,-0.0638,0.0141,-0.03
0022500489,2026-01-03,2025-26,CHI,CHA,0,0.5702,1,0,0.0056,0.0555,-0.0653,0.0098
0022500497,2026-01-04,2025-26,MIA,NOP,1,0.5864,1,1,0.1271,-0.0609,-0.0054,-0.0645
0022500494,2026-01-04,2025-26,CLE,DET,0,0.5699,1,0,0.144,0.0048,-0.0781,-0.0781
0022500496,2026-01-04,2025-26,BKN,DEN,1,0.3959,0,0,-0.2134,-0.2121,0.0447,-0.0239
0022500495,2026-01-04,2025-26,ORL,IND,1,0.6525,1,1,-0.0215,0.0963,0.0637,0.0371
0022500501,2026-01-04,2025-26,LAL,MEM,1,0.5966,1,1,-0.0266,-0.0202,0.0303,0.0476
0022500500,2026-01-04,2025-26,SAC,MIL,0,0.4985,0,1,-0.3762,0.0406,0.082,0.0447
0022500498,2026-01-04,2025-26,WAS,MIN,0,0.5697,1,0,0.0204,-0.0159,0.0377,-0.0592
0022500499,2026-01-04,2025-26,PHX,OKC,1,0.5146,1,1,-0.0873,-0.1236,0.0698,-0.0001
0022500505,2026-01-05,2025-26,HOU,PHX,1,0.6698,1,1,0.2046,-0.0361,0.0678,-0.0348
0022500508,2026-01-05,2025-26,LAC,GSW,1,0.6977,1,1,0.167,0.0526,-0.0354,0.0677
0022500502,2026-01-05,2025-26,DET,NYK,1,0.5636,1,1,-0.087,-0.0557,0.0424,0.0268
0022500509,2026-01-05,2025-26,POR,UTA,1,0.4501,0,0,-0.2548,-0.1255,0.1112,-0.069
0022500507,2026-01-05,2025-26,PHI,DEN,0,0.4795,0,1,-0.371,-0.0067,0.0855,0.0321
0022500506,2026-01-05,2025-26,OKC,CHA,0,0.5732,1,0,0.0032,0.1177,-0.1052,-0.0057
0022500503,2026-01-05,2025-26,BOS,CHI,1,0.6298,1,1,0.0397,0.0117,0.0648,0.026
0022500504,2026-01-05,2025-26,TOR,ATL,1,0.4541,0,0,-0.3589,0.0093,0.1049,-0.0113
0022500515,2026-01-06,2025-26,SAC,DAL,0,0.4904,0,1,-0.358,-0.0001,0.0887,0.0335
0022500510,2026-01-06,2025-26,IND,CLE,0,0.4539,0,1,-0.2324,0.0347,-0.079,0.0251
0022500513,2026-01-06,2025-26,MIN,MIA,1,0.6216,1,1,-0.0002,0.0691,-0.019,0.039
0022500514,2026-01-06,2025-26,NOP,LAL,0,0.5052,1,0,-0.2712,0.0682,0.0091,-0.0336
0022500512,2026-01-06,2025-26,MEM,SAS,1,0.5204,1,1,0.075,-0.1391,-0.036,-0.0289
0022500511,2026-01-06,2025-26,WAS,ORL,1,0.5463,1,1,0.0498,-0.0824,0.0493,-0.079
0022500523,2026-01-07,2025-26,SAS,LAL,1,0.5892,1,1,-0.182,0.1945,-0.003,-0.0399
0022500521,2026-01-07,2025-26,BKN,ORL,0,0.5619,1,0,0.1455,-0.1856,0.0012,-0.0018
0022500524,2026-01-07,2025-26,MEM,PHX,0,0.521,1,0,-0.0069,-0.0698,-0.0661,0.0123
0022500519,2026-01-07,2025-26,ATL,NOP,1,0.635,1,1,0.3221,0.0277,-0.1052,-0.064
0022500525,2026-01-07,2025-26,OKC,UTA,1,0.5307,1,1,-0.1235,0.1113,-0.0301,-0.0666
0022500526,2026-01-07,2025-26,GSW,MIL,1,0.6433,1,1,0.0237,0.0093,0.0752,0.0286
0022500518,2026-01-07,2025-26,PHI,WAS,1,0.5649,1,1,-0.1131,0.0286,0.0112,0.0183
0022500516,2026-01-07,2025-26,CHA,TOR,0,0.7218,1,0,0.3832,-0.1093,0.0547,0.0459
0022500527,2026-01-07,2025-26,POR,HOU,1,0.4837,0,0,-0.1992,-0.0378,-0.0648,0.0422
0022500517,2026-01-07,2025-26,DET,CHI,1,0.5498,1,1,-0.1284,-0.121,0.1234,0.0477
0022500522,2026-01-07,2025-26,NYK,LAC,1,0.4672,0,0,-0.3099,0.0698,0.0293,-0.0877
0022500520,2026-01-07,2025-26,BOS,DEN,0,0.6327,1,0,0.0656,0.0328,0.0937,-0.0526
0022500528,2026-01-08,2025-26,CHA,IND,0,0.6723,1,0,0.06,-0.0584,0.187,0.0336
0022500530,2026-01-08,2025-26,MIN,CLE,1,0.5611,1,1,-0.2529,0.1524,-0.0128,0.0644
0022500531,2026-01-08,2025-26,UTA,DAL,1,0.659,1,1,0.0917,0.0081,0.056,0.0442
0022500535,2026-01-09,2025-26,BKN,LAC,0,0.4275,0,1,-0.2578,-0.0732,-0.0006,-0.0522
0022500538,2026-01-09,2025-26,PHX,NYK,1,0.601,1,1,0.0456,-0.0231,0.0629,-0.03
0022500533,2026-01-09,2025-26,ORL,PHI,0,0.5059,1,0,-0.1608,-0.0041,-0.0216,-0.0018
0022500541,2026-01-09,2025-26,LAL,MIL,0,0.5812,1,0,-0.0366,-0.037,0.0304,0.0486
0022500540,2026-01-09,2025-26,POR,HOU,1,0.5185,1,1,-0.1174,-0.0288,-0.07,0.0402
0022500534,2026-01-09,2025-26,WAS,NOP,0,0.6921,1,0,0.2981,0.0111,-0.0088,-0.0133
0022500532,2026-01-09,2025-26,BOS,TOR,1,0.7838,1,1,0.5446,-0.0191,0.0538,0.0097
0022500539,2026-01-09,2025-26,GSW,SAC,1,0.7744,1,1,0.4879,-0.0031,0.008,0.0212
0022500536,2026-01-09,2025-26,MEM,OKC,0,0.464,0,1,-0.0796,-0.1809,0.0467,-0.0168
0022500537,2026-01-09,2025-26,DEN,ATL,0,0.6899,1,0,0.1395,0.0645,0.0344,0.075
0022500544,2026-01-10,2025-26,DET,LAC,0,0.4546,0,1,-0.2475,-0.0796,0.0813,-0.0794
0022500546,2026-01-10,2025-26,CHI,DAL,1,0.6092,1,1,-0.0081,0.0936,0.0257,0.0085
0022500542,2026-01-10,2025-26,CLE,MIN,1,0.5473,1,1,0.113,-0.1251,0.0119,-0.0257
0022500543,2026-01-10,2025-26,IND,MIA,1,0.5727,1,1,0.1973,-0.0547,-0.1177,0.0091
0022500547,2026-01-10,2025-26,UTA,CHA,0,0.509,1,0,-0.0788,0.0128,-0.099,-0.0117
0022500545,2026-01-10,2025-26,BOS,SAS,0,0.7398,1,0,0.4242,0.008,0.0769,-0.0901
0022500553,2026-01-11,2025-26,OKC,MIA,1,0.6919,1,1,0.1822,0.1546,-0.063,0.0201
0022500556,2026-01-11,2025-26,GSW,ATL,0,0.6771,1,0,0.0567,0.0093,0.1132,0.0921
0022500549,2026-01-11,2025-26,MEM,BKN,1,0.6097,1,1,0.1193,0.0002,-0.012,-0.0354
0022500555,2026-01-11,2025-26,PHX,WAS,1,0.6602,1,1,0.0897,0.0753,0.0622,-0.0352
0022500548,2026-01-11,2025-26,ORL,NOP,1,0.6415,1,1,0.0368,0.105,-0.0324,0.0282
0022500557,2026-01-11,2025-26,SAC,HOU,1,0.43,0,0,-0.2604,0.0169,-0.154,0.0322
0022500551,2026-01-11,2025-26,POR,NYK,0,0.599,1,0,0.053,-0.0416,0.0263,-0.0057
0022500554,2026-01-11,2025-26,DEN,MIL,1,0.6323,1,1,0.0783,0.0494,-0.0218,0.0378
0022500550,2026-01-11,2025-26,TOR,PHI,1,0.5326,1,1,-0.0938,0.0701,-0.0148,-0.072
0022500552,2026-01-11,2025-26,MIN,SAS,1,0.7387,1,1,0.5215,-0.052,0.0209,-0.0514
0022500562,2026-01-12,2025-26,SAC,LAL,1,0.5036,1,1,-0.2886,0.1043,0.0271,-0.0304
0022500561,2026-01-12,2025-26,DAL,BKN,1,0.5571,1,1,0.0969,0.0407,-0.0715,-0.0795
0022500563,2026-01-12,2025-26,LAC,CHA,1,0.636,1,1,0.1317,0.011,-0.1305,0.0835
0022500560,2026-01-12,2025-26,TOR,PHI,0,0.5896,1,0,-0.1075,0.1405,0.0176,-0.055
0022500558,2026-01-12,2025-26,CLE,UTA,0,0.6644,1,0,0.239,0.019,0.0287,-0.0493
0022500559,2026-01-12,2025-26,IND,BOS,1,0.4009,0,0,-0.0706,-0.1762,-0.1446,0.0387
0022500570,2026-01-13,2025-26,GSW,POR,1,0.6513,1,1,0.1265,0.055,-0.0435,0.0216
0022500567,2026-01-13,2025-26,NOP,DEN,0,0.4631,0,1,-0.1419,-0.1027,0.0544,-0.0729
0022500568,2026-01-13,2025-26,OKC,SAS,1,0.7192,1,1,0.3355,0.0623,-0.0242,-0.0148
0022500569,2026-01-13,2025-26,LAL,ATL,1,0.5717,1,1,-0.014,-0.1223,0.0699,0.0863
0022500564,2026-01-13,2025-26,MIA,PHX,1,0.4859,0,0,-0.0451,-0.0808,-0.0692,0.0036
0022500566,2026-01-13,2025-26,MIL,MIN,0,0.4568,0,1,-0.131,-0.0781,-0.051,0.0105
0022500565,2026-01-13,2025-26,HOU,CHI,1,0.6478,1,1,-0.0688,-0.0162,0.2126,0.0245
0022500573,2026-01-14,2025-26,CHI,UTA,1,0.4981,0,0,-0.1871,0.1123,-0.0115,-0.069
0022500572,2026-01-14,2025-26,PHI,CLE,0,0.5505,1,0,-0.1744,0.0365,0.015,0.0551
0022500574,2026-01-14,2025-26,NOP,BKN,1,0.5734,1,1,0.0515,-0.0203,-0.0158,-0.0402
0022500571,2026-01-14,2025-26,IND,TOR,0,0.5921,1,0,0.5289,-0.2555,-0.1299,-0.0311
0022500576,2026-01-14,2025-26,SAC,NYK,1,0.4367,0,0,-0.1832,-0.0307,-0.0512,-0.0379
0022500575,2026-01-14,2025-26,DAL,DEN,0,0.4711,0,1,0.0515,-0.1261,-0.0032,-0.113
0022500577,2026-01-14,2025-26,LAC,WAS,1,0.7823,1,1,0.2864,0.1804,-0.0303,0.0848
0022500580,2026-01-15,2025-26,MIA,BOS,0,0.381,0,1,-0.223,-0.1672,-0.0512,0.0249
0022500582,2026-01-15,2025-26,SAS,MIL,1,0.423,0,0,-0.5964,0.1285,0.0158,0.0598
0022500581,2026-01-15,2025-26,HOU,OKC,0,0.537,1,0,-0.1798,-0.1226,0.2375,-0.0682
0022500586,2026-01-15,2025-26,LAL,CHA,0,0.5266,1,0,-0.006,-0.0523,-0.1055,0.025
0022500585,2026-01-15,2025-26,POR,ATL,1,0.5194,1,1,-0.1056,-0.1727,0.1059,0.0697
0022500579,2026-01-15,2025-26,DET,PHX,1,0.6197,1,1,0.1671,-0.1222,-0.0,0.0493
0022500584,2026-01-15,2025-26,GSW,NYK,1,0.66,1,1,0.2823,-0.0458,-0.0464,0.0241
0022500583,2026-01-15,2025-26,DAL,UTA,1,0.4733,0,0,-0.1382,0.0292,-0.0481,-0.0442
0022500587,2026-01-16,2025-26,BKN,CHI,1,0.5585,1,1,-0.0736,-0.0587,0.0411,0.0663
0022500592,2026-01-16,2025-26,SAC,WAS,1,0.6185,1,1,0.0326,0.0849,-0.0273,-0.0009
0022500590,2026-01-16,2025-26,TOR,LAC,0,0.459,0,1,-0.4302,0.136,0.0728,-0.0932
0022500589,2026-01-16,2025-26,PHI,CLE,0,0.5519,1,0,-0.1625,0.0258,0.0044,0.0705
0022500588,2026-01-16,2025-26,IND,NOP,1,0.5924,1,1,0.1846,0.0069,-0.1076,0.0012
0022500591,2026-01-16,2025-26,HOU,MIN,1,0.3527,0,0,-0.6839,-0.0377,0.145,0.007
0022500597,2026-01-17,2025-26,MIA,OKC,1,0.4879,0,0,-0.0046,-0.1825,0.0757,-0.0642
0022500593,2026-01-17,2025-26,DAL,UTA,1,0.5443,1,1,0.0122,0.0204,-0.0338,-0.0375
0022500596,2026-01-17,2025-26,NYK,PHX,0,0.5916,1,0,0.0393,0.003,-0.0021,0.0055
0022500594,2026-01-17,2025-26,ATL,BOS,0,0.4272,0,1,-0.0567,-0.0714,-0.1257,-0.0106
0022500600,2026-01-17,2025-26,DEN,WAS,1,0.7141,1,1,0.1586,0.2195,-0.0865,0.057
0022500599,2026-01-17,2025-26,GSW,CHA,1,0.558,1,1,0.0268,0.0449,-0.1008,-0.0138
0022500601,2026-01-17,2025-26,POR,LAL,1,0.4905,0,0,-0.2181,-0.0059,0.0407,-0.0471
0022500598,2026-01-17,2025-26,SAS,MIN,1,0.2962,0,0,-0.7845,0.0354,-0.0523,0.0935
0022500595,2026-01-17,2025-26,DET,IND,1,0.5852,1,1,-0.0036,-0.1645,0.1416,0.0565
0022500607,2026-01-18,2025-26,LAL,TOR,1,0.6692,1,1,0.4223,-0.207,-0.0454,0.0563
0022500606,2026-01-18,2025-26,SAC,POR,0,0.5534,1,0,-0.012,-0.0007,-0.052,-0.0061
0022500604,2026-01-18,2025-26,HOU,NOP,1,0.5795,1,1,-0.2597,0.0779,0.1367,0.0024
0022500605,2026-01-18,2025-26,DEN,CHA,0,0.4964,0,1,-0.2034,0.1387,-0.1803,0.0496
0022500603,2026-01-18,2025-26,CHI,BKN,1,0.6204,1,1,0.1843,0.0759,-0.0619,-0.0487
0022500610,2026-01-19,2025-26,BKN,PHX,0,0.5384,1,0,-0.0627,-0.0048,-0.0127,-0.0037
0022500609,2026-01-19,2025-26,PHI,IND,1,0.7096,1,1,0.108,0.0873,0.0951,0.0563
0022500017,2026-01-19,2025-26,DET,BOS,1,0.4256,0,0,-0.084,-0.2886,-0.0372,0.0799
0022500611,2026-01-19,2025-26,SAS,UTA,1,0.5539,1,1,-0.2887,0.1573,0.0,0.0497
0022500612,2026-01-19,2025-26,GSW,MIA,1,0.7323,1,1,0.4208,0.0411,-0.0006,-0.0143
0022500608,2026-01-19,2025-26,WAS,LAC,0,0.3739,0,1,-0.3173,-0.1137,0.026,-0.0824
0022500015,2026-01-19,2025-26,CLE,OKC,0,0.6162,1,0,0.308,-0.1754,0.0864,-0.0775
0022500014,2026-01-19,2025-26,ATL,MIL,0,0.4554,0,1,-0.2062,0.0648,-0.0164,-0.06
0022500016,2026-01-19,2025-26,NYK,DAL,0,0.4886,0,1,-0.2714,-0.0255,0.0947,0.0029
0022500619,2026-01-20,2025-26,SAC,MIA,0,0.6959,1,0,0.2632,0.0141,-0.0112,0.0393
0022500618,2026-01-20,2025-26,GSW,TOR,0,0.7181,1,0,0.571,-0.0841,-0.0336,-0.0339
0022500617,2026-01-20,2025-26,DEN,LAL,0,0.5304,1,0,-0.1182,0.1227,-0.0937,-0.0126
0022500615,2026-01-20,2025-26,HOU,SAS,1,0.5622,1,1,-0.1778,-0.0266,0.1722,-0.0442
0022500616,2026-01-20,2025-26,UTA,MIN,1,0.3988,0,0,-0.3397,-0.0341,-0.0351,0.0039
0022500614,2026-01-20,2025-26,CHI,LAC,1,0.5483,1,1,0.0099,0.127,-0.0207,-0.1587
0022500613,2026-01-20,2025-26,PHI,PHX,0,0.6122,1,0,0.0005,0.0336,-0.01,0.0445
0022500620,2026-01-21,2025-26,CHA,CLE,0,0.6243,1,0,-0.0382,0.037,0.0782,0.0135
0022500625,2026-01-21,2025-26,MIL,OKC,0,0.5099,1,0,0.0549,-0.1283,0.0214,-0.0519
0022500626,2026-01-21,2025-26,SAC,TOR,0,0.5511,1,0,0.1142,-0.1596,-0.0288,0.0239
0022500621,2026-01-21,2025-26,BOS,IND,1,0.7258,1,1,0.0972,0.1842,0.1308,-0.0022
0022500623,2026-01-21,2025-26,MEM,ATL,0,0.5718,1,0,0.0455,-0.1347,0.0893,0.0311
0022500624,2026-01-21,2025-26,NOP,DET,0,0.5793,1,0,0.0182,0.0428,-0.0058,-0.05
0022500622,2026-01-21,2025-26,NYK,BKN,1,0.4961,0,0,-0.1634,-0.072,0.0554,-0.0107
0022500629,2026-01-22,2025-26,WAS,DEN,0,0.415,0,1,-0.2029,-0.2443,0.1189,-0.0352
0022500633,2026-01-22,2025-26,LAC,LAL,1,0.5791,1,1,0.0168,-0.0504,-0.0348,0.049
0022500632,2026-01-22,2025-26,UTA,SAS,0,0.6338,1,0,0.2729,-0.13,0.0275,-0.0106
0022500627,2026-01-22,2025-26,ORL,CHA,0,0.4852,0,1,-0.2282,0.0226,-0.0912,0.0487
0022500630,2026-01-22,2025-26,DAL,GSW,1,0.3928,0,0,-0.3032,-0.0561,-0.045,0.0259
0022500628,2026-01-22,2025-26,PHI,HOU,1,0.7254,1,1,0.3846,-0.0369,-0.0695,0.0684
0022500631,2026-01-22,2025-26,MIN,CHI,0,0.6676,1,0,0.171,-0.0521,0.079,0.0757
0022500634,2026-01-22,2025-26,POR,MIA,1,0.7127,1,1,0.1939,0.0004,0.0562,0.0734
0022500637,2026-01-23,2025-26,BKN,BOS,0,0.4062,0,1,-0.2213,-0.0586,-0.0884,-0.0026
0022500640,2026-01-23,2025-26,MIL,DEN,0,0.5287,1,0,0.134,-0.1384,0.0275,-0.0741
0022500635,2026-01-23,2025-26,DET,HOU,0,0.6383,1,0,0.3811,-0.1614,-0.1014,0.029
0022500638,2026-01-23,2025-26,CLE,SAC,1,0.5904,1,1,0.0838,-0.0626,0.0402,-0.0241
0022500641,2026-01-23,2025-26,OKC,IND,0,0.7405,1,0,0.2144,0.2268,-0.0523,0.0708
0022500642,2026-01-23,2025-26,POR,TOR,0,0.6084,1,0,0.1967,-0.1648,0.0078,0.0315
0022500639,2026-01-23,2025-26,MEM,NOP,0,0.5755,1,0,-0.0563,0.019,0.0356,-0.0057
0022500636,2026-01-23,2025-26,ATL,PHX,1,0.4843,0,0,-0.1334,0.0913,-0.0934,-0.0431
0022500648,2026-01-24,2025-26,DAL,LAL,0,0.5758,1,0,0.1272,-0.0615,-0.0272,-0.0066
0022500645,2026-01-24,2025-26,CHA,WAS,1,0.7892,1,1,0.4205,0.0551,0.1031,-0.024
0022500649,2026-01-24,2025-26,UTA,MIA,0,0.6492,1,0,0.2342,-0.0579,-0.0002,0.0276
0022500647,2026-01-24,2025-26,CHI,BOS,1,0.5904,1,1,0.2206,0.0064,-0.0978,-0.0225
0022500643,2026-01-24,2025-26,PHI,NYK,0,0.6493,1,0,0.0297,0.0443,-0.0268,0.0913
0022500646,2026-01-24,2025-26,ORL,CLE,0,0.4884,0,1,-0.2412,0.023,-0.0304,0.0216
0022500644,2026-01-25,2025-26,MIN,GSW,0,0.5641,1,0,-0.0378,-0.0398,0.0658,0.028
0022500654,2026-01-25,2025-26,SAS,NOP,0,0.5478,1,0,-0.0947,0.0863,-0.0549,-0.0113
0022500656,2026-01-25,2025-26,LAC,BKN,1,0.7135,1,1,0.3058,-0.0894,-0.0139,0.1397
0022500653,2026-01-25,2025-26,OKC,TOR,0,0.6598,1,0,0.2418,0.0569,-0.1247,0.0475
0022500650,2026-01-25,2025-26,DET,SAC,1,0.4435,0,0,-0.2427,-0.0764,0.0073,-0.0025
0022500655,2026-01-25,2025-26,PHX,MIA,0,0.6197,1,0,0.1875,-0.0418,-0.002,-0.0238
0022500661,2026-01-26,2025-26,CHI,LAL,0,0.6188,1,0,0.24,0.0507,-0.0443,-0.0837
0022500662,2026-01-26,2025-26,HOU,MEM,1,0.5943,1,1,-0.1772,0.0843,0.0674,0.0194
0022500660,2026-01-26,2025-26,BOS,POR,1,0.6017,1,1,-0.0376,0.1658,-0.0019,-0.0665
0022500663,2026-01-26,2025-26,MIN,GSW,1,0.4632,0,0,-0.2121,-0.0804,0.0532,0.0319
0022500657,2026-01-26,2025-26,CHA,PHI,1,0.6521,1,1,0.191,-0.048,0.0891,-0.0854
0022500658,2026-01-26,2025-26,CLE,ORL,1,0.6891,1,1,0.3412,-0.0316,0.0186,-0.0468
0022500659,2026-01-26,2025-26,ATL,IND,1,0.6054,1,1,0.0588,0.0961,-0.0237,-0.0051
0022500664,2026-01-27,2025-26,WAS,POR,1,0.5213,1,1,-0.1373,0.019,-0.014,-0.0199
0022500666,2026-01-27,2025-26,PHI,MIL,1,0.5413,1,1,-0.264,-0.0088,0.0942,0.0762
0022500669,2026-01-27,2025-26,PHX,BKN,1,0.6778,1,1,0.2155,-0.0233,0.0547,0.0209
0022500668,2026-01-27,2025-26,DEN,DET,0,0.6036,1,0,-0.1039,0.261,-0.1461,0.0469
0022500665,2026-01-27,2025-26,NYK,SAC,1,0.4667,0,0,-0.3214,0.0637,0.0583,-0.069
0022500670,2026-01-27,2025-26,UTA,LAC,0,0.5152,1,0,-0.0908,0.038,-0.0139,-0.0937
0022500667,2026-01-27,2025-26,OKC,NOP,1,0.6922,1,1,0.2615,0.1223,-0.1301,0.0405
0022500672,2026-01-28,2025-26,IND,CHI,1,0.296,0,0,-0.5161,-0.1381,0.0111,0.0236
0022500675,2026-01-28,2025-26,TOR,NYK,0,0.5998,1,0,-0.035,0.0875,-0.062,0.0508
0022500671,2026-01-28,2025-26,CLE,LAL,1,0.5232,1,1,-0.0084,-0.1103,0.0188,-0.0152
0022500679,2026-01-28,2025-26,HOU,SAS,0,0.5637,1,0,-0.0915,-0.0707,0.1333,-0.026
0022500673,2026-01-28,2025-26,BOS,ATL,0,0.5816,1,0,-0.0433,0.0408,0.0512,0.0142
0022500677,2026-01-28,2025-26,DAL,MIN,0,0.5516,1,0,-0.118,0.0688,-0.0217,0.024
0022500676,2026-01-28,2025-26,MEM,CHA,0,0.3617,0,1,-0.4873,0.0117,-0.0508,-0.0113
0022500674,2026-01-28,2025-26,MIA,ORL,0,0.6471,1,0,0.0546,0.081,0.0221,-0.0228
0022500678,2026-01-28,2025-26,UTA,GSW,0,0.4697,0,1,-0.2416,-0.0914,0.0238,0.0953
0022500684,2026-01-29,2025-26,DEN,BKN,1,0.6731,1,1,0.1008,0.1551,-0.0725,0.0707
0022500682,2026-01-29,2025-26,ATL,HOU,0,0.6258,1,0,0.2577,0.0905,-0.1298,-0.0577
0022500680,2026-01-29,2025-26,PHI,SAC,1,0.5539,1,1,-0.1877,0.0882,-0.0099,0.019
0022500529,2026-01-29,2025-26,CHI,MIA,0,0.6784,1,0,0.4376,0.0399,-0.1029,-0.0626
0022500685,2026-01-29,2025-26,PHX,DET,1,0.5762,1,1,-0.0994,0.0717,-0.0077,0.0169
0022500683,2026-01-29,2025-26,DAL,CHA,0,0.4846,0,1,-0.2006,0.0659,-0.1431,0.0472
0022500681,2026-01-29,2025-26,WAS,MIL,1,0.4412,0,0,-0.33,-0.0464,0.0839,-0.0052
0022500686,2026-01-29,2025-26,MIN,OKC,1,0.4726,0,0,-0.1026,-0.1562,0.0996,-0.0583
0022500696,2026-01-30,2025-26,GSW,DET,0,0.6778,1,0,0.4254,0.0111,-0.0772,-0.047
0022500695,2026-01-30,2025-26,DEN,LAC,1,0.5351,1,1,-0.2692,0.2658,-0.0678,-0.057
0022500693,2026-01-30,2025-26,PHX,CLE,1,0.4806,0,0,-0.2799,0.0073,0.0139,0.0128
0022500687,2026-01-30,2025-26,ORL,TOR,1,0.5296,1,1,-0.0821,-0.0395,0.0013,-0.0235
0022500694,2026-01-30,2025-26,UTA,BKN,0,0.7049,1,0,0.3485,-0.0604,0.0037,0.0453
0022500691,2026-01-30,2025-26,NOP,MEM,1,0.6806,1,1,0.0139,0.1526,0.0066,0.0511
0022500688,2026-01-30,2025-26,WAS,LAL,0,0.3192,0,1,-0.5724,-0.0638,0.0402,-0.0339
0022500690,2026-01-30,2025-26,NYK,POR,1,0.644,1,1,0.1118,0.0667,0.0191,-0.0525
0022500689,2026-01-30,2025-26,BOS,SAC,1,0.4842,0,0,-0.3029,0.1786,-0.0109,-0.0831
0022500701,2026-01-31,2025-26,HOU,DAL,1,0.4778,0,0,-0.2533,-0.0443,0.0846,-0.0378
0022500699,2026-01-31,2025-26,PHI,NOP,1,0.6502,1,1,0.2377,-0.0284,-0.0758,0.0238
0022500700,2026-01-31,2025-26,MEM,MIN,0,0.4995,0,1,-0.2029,-0.0142,0.0403,-0.0082
0022500698,2026-01-31,2025-26,IND,ATL,1,0.4753,0,0,-0.1111,-0.067,-0.0172,0.0179
0022500692,2026-01-31,2025-26,MIA,CHI,0,0.4704,0,1,-0.4321,0.0067,0.1082,0.0599
0022500697,2026-01-31,2025-26,CHA,SAS,1,0.6785,1,1,0.3321,-0.1477,0.124,-0.0409
0022500707,2026-02-01,2025-26,WAS,SAC,1,0.4645,0,0,-0.3195,0.1062,-0.0086,-0.0736
0022500705,2026-02-01,2025-26,MIA,CHI,1,0.4349,0,0,-0.6087,0.0586,0.1323,0.0733
0022500711,2026-02-01,2025-26,DEN,OKC,0,0.5556,1,0,-0.1581,0.1078,0.001,0.0085
0022500710,2026-02-01,2025-26,POR,CLE,0,0.4735,0,1,-0.2301,-0.0568,0.0094,0.0197
0022500708,2026-02-01,2025-26,NYK,LAL,1,0.423,0,0,-0.3456,-0.0244,0.1027,-0.0895
0022500709,2026-02-01,2025-26,PHX,LAC,0,0.5535,1,0,-0.0369,-0.0239,0.0562,-0.0831
0022500704,2026-02-01,2025-26,DET,BKN,1,0.6188,1,1,0.0389,-0.0482,0.0571,0.0414
0022500706,2026-02-01,2025-26,TOR,UTA,1,0.5667,1,1,-0.184,0.0661,0.0433,0.0279
0022500703,2026-02-01,2025-26,SAS,ORL,1,0.6619,1,1,0.2374,0.0479,-0.0601,-0.0192
0022500702,2026-02-01,2025-26,BOS,MIL,1,0.5914,1,1,-0.1198,0.0736,0.1152,0.0048
0022500712,2026-02-02,2025-26,CHA,NOP,1,0.7103,1,1,0.5496,-0.1938,0.0268,-0.0526
0022500715,2026-02-02,2025-26,LAC,PHI,0,0.6295,1,0,0.1391,-0.0924,0.0076,0.0439
0022500713,2026-02-02,2025-26,IND,HOU,0,0.5512,1,0,0.1519,-0.0557,-0.1188,-0.0025
0022500714,2026-02-02,2025-26,MEM,MIN,1,0.4959,0,0,-0.2599,0.0268,0.0339,-0.0038
0022500722,2026-02-03,2025-26,MIL,CHI,1,0.4155,0,0,-0.3124,0.0049,0.0136,-0.0201
0022500723,2026-02-03,2025-26,OKC,ORL,1,0.7304,1,1,0.4293,0.0433,-0.0715,0.008
0022500721,2026-02-03,2025-26,DAL,BOS,0,0.6152,1,0,0.1071,-0.0209,-0.0456,0.0607
0022500725,2026-02-03,2025-26,POR,PHX,0,0.4756,0,1,-0.1424,-0.1388,0.0616,-0.0264
0022500720,2026-02-03,2025-26,MIA,ATL,0,0.6291,1,0,-0.0692,0.0331,0.089,0.0686
0022500716,2026-02-03,2025-26,DET,DEN,1,0.5415,1,1,-0.0654,-0.0869,0.0798,-0.011
0022500724,2026-02-03,2025-26,GSW,PHI,0,0.5332,1,0,0.2343,-0.1352,-0.0658,-0.0756
0022500719,2026-02-03,2025-26,BKN,LAL,0,0.3169,0,1,-0.5296,-0.1094,0.0157,0.0032
0022500718,2026-02-03,2025-26,WAS,NYK,0,0.4912,0,1,-0.1772,0.0099,-0.0419,0.0142
0022500717,2026-02-03,2025-26,IND,UTA,0,0.5475,1,0,-0.075,0.0761,-0.0278,-0.031
0022500730,2026-02-04,2025-26,SAS,OKC,1,0.5082,1,1,-0.1303,-0.0237,0.0232,-0.0149
0022500727,2026-02-04,2025-26,TOR,MIN,0,0.5626,1,0,-0.1013,0.0232,-0.0111,0.0265
0022500729,2026-02-04,2025-26,MIL,NOP,1,0.5484,1,1,0.2959,-0.114,-0.1073,-0.082
0022500728,2026-02-04,2025-26,HOU,BOS,0,0.5349,1,0,-0.1459,-0.0772,0.06,0.0649
0022500726,2026-02-04,2025-26,NYK,DEN,1,0.5862,1,1,0.1211,-0.1151,0.1379,-0.1143
0022500731,2026-02-04,2025-26,SAC,MEM,0,0.5855,1,0,0.0294,-0.0733,0.0074,0.0272
0022500732,2026-02-04,2025-26,LAC,CLE,0,0.6319,1,0,0.0413,0.0221,-0.0587,0.0981
0022500738,2026-02-05,2025-26,DAL,SAS,0,0.554,1,0,-0.1693,0.0553,0.037,0.0131
0022500739,2026-02-05,2025-26,PHX,GSW,0,0.5553,1,0,-0.2209,0.0538,0.0837,0.0497
0022500740,2026-02-05,2025-26,LAL,PHI,1,0.5818,1,1,0.1904,-0.0842,-0.075,-0.006
0022500734,2026-02-05,2025-26,ORL,BKN,1,0.6982,1,1,0.1516,0.1187,-0.0164,0.0332
0022500737,2026-02-05,2025-26,HOU,CHA,0,0.5101,1,0,-0.3255,0.1349,-0.001,-0.0108
0022500733,2026-02-05,2025-26,DET,WAS,0,0.7064,1,0,0.2359,0.0638,-0.0354,0.0568
0022500736,2026-02-05,2025-26,TOR,CHI,1,0.5336,1,1,-0.2057,-0.0309,0.0728,0.0653
0022500735,2026-02-05,2025-26,ATL,UTA,1,0.5328,1,1,-0.0798,0.1114,-0.0246,-0.0734
0022500743,2026-02-06,2025-26,MIL,IND,1,0.5751,1,1,0.1054,0.0464,-0.0336,-0.0423
0022500741,2026-02-06,2025-26,BOS,MIA,1,0.5915,1,1,0.0807,0.0548,0.0042,-0.0946
0022500744,2026-02-06,2025-26,MIN,NOP,0,0.6437,1,0,0.3651,-0.1692,0.0045,-0.0271
0022500746,2026-02-06,2025-26,SAC,LAC,0,0.4989,0,1,-0.3231,0.0563,0.0541,-0.0237
0022500745,2026-02-06,2025-26,POR,MEM,1,0.4958,0,0,-0.1349,-0.1132,0.0676,-0.0291
0022500742,2026-02-06,2025-26,DET,NYK,1,0.5581,1,1,-0.2099,0.0814,-0.0364,0.0927
0022500748,2026-02-07,2025-26,OKC,HOU,0,0.7333,1,0,0.4646,0.0389,-0.141,0.0538
0022500753,2026-02-07,2025-26,LAL,GSW,1,0.6594,1,1,0.0513,0.0737,0.0207,0.08
0022500751,2026-02-07,2025-26,ATL,CHA,0,0.5358,1,0,-0.1278,0.2222,-0.1119,-0.0715
0022500755,2026-02-07,2025-26,POR,MEM,1,0.5229,1,1,-0.0497,-0.1329,0.0575,-0.0187
0022500750,2026-02-07,2025-26,ORL,UTA,1,0.5285,1,1,-0.1439,0.0465,-0.0324,0.0111
0022500756,2026-02-07,2025-26,SAC,CLE,0,0.4738,0,1,-0.338,0.0058,-0.0079,0.0609
0022500749,2026-02-07,2025-26,SAS,DAL,1,0.5934,1,1,0.1078,-0.0182,-0.0176,-0.0126
0022500754,2026-02-07,2025-26,PHX,PHI,0,0.5127,1,0,0.0143,-0.089,0.0114,-0.0647
0022500752,2026-02-07,2025-26,CHI,DEN,0,0.5422,1,0,0.235,-0.1558,-0.0255,-0.0938
0022500747,2026-02-07,2025-26,BKN,WAS,1,0.4536,0,0,-0.2016,-0.102,-0.0479,0.054
0022500757,2026-02-08,2025-26,BOS,NYK,0,0.5108,1,0,-0.1873,0.0885,0.0067,-0.0302
0022500760,2026-02-08,2025-26,MIN,LAC,0,0.5814,1,0,-0.0958,0.112,0.0388,-0.0716
0022500759,2026-02-08,2025-26,TOR,IND,1,0.6812,1,1,0.1353,0.0363,0.06,0.0349
0022500758,2026-02-08,2025-26,WAS,MIA,0,0.5101,1,0,0.0002,-0.1235,-0.0047,-0.0274
0022500767,2026-02-09,2025-26,DEN,CLE,0,0.6261,1,0,-0.032,0.1058,-0.0747,0.0842
0022500768,2026-02-09,2025-26,GSW,MEM,1,0.5079,1,1,0.0671,-0.0533,-0.0747,-0.052
0022500770,2026-02-09,2025-26,POR,PHI,1,0.4027,0,0,-0.1855,-0.2241,0.0944,-0.0928
0022500762,2026-02-09,2025-26,BKN,CHI,1,0.4154,0,0,-0.3883,-0.0816,0.0736,0.0127
0022500761,2026-02-09,2025-26,CHA,DET,0,0.5488,1,0,0.0534,-0.1846,0.0661,-0.0315
0022500766,2026-02-09,2025-26,NOP,SAC,1,0.6101,1,1,-0.0393,0.1439,-0.06,-0.0056
0022500763,2026-02-09,2025-26,MIA,UTA,0,0.599,1,0,-0.1719,0.1269,0.0588,0.0079
0022500769,2026-02-09,2025-26,LAL,OKC,0,0.6252,1,0,0.1865,-0.1014,0.011,0.029
0022500764,2026-02-09,2025-26,ORL,MIL,1,0.4874,0,0,-0.2526,-0.0371,-0.0083,0.1275
0022500765,2026-02-09,2025-26,MIN,ATL,1,0.5249,1,1,-0.0134,-0.1711,0.048,0.0539
0022500774,2026-02-10,2025-26,LAL,SAS,0,0.611,1,0,0.1496,-0.0945,-0.0019,0.0483
0022500773,2026-02-10,2025-26,PHX,DAL,1,0.5338,1,1,0.0499,-0.1179,0.0337,-0.0478
0022500771,2026-02-10,2025-26,NYK,IND,0,0.6792,1,0,0.1616,0.0658,0.0877,-0.0263
0022500772,2026-02-10,2025-26,HOU,LAC,1,0.4556,0,0,-0.5363,0.1436,0.1098,-0.0566
0022500780,2026-02-11,2025-26,PHI,NYK,0,0.6217,1,0,0.0005,0.0177,-0.0257,0.1047
0022500786,2026-02-11,2025-26,UTA,SAC,1,0.6102,1,1,0.1608,-0.0238,-0.0791,0.0014
0022500777,2026-02-11,2025-26,ORL,MIL,0,0.525,1,0,-0.2565,0.0245,-0.004,0.1421
0022500781,2026-02-11,2025-26,TOR,DET,0,0.5662,1,0,0.106,-0.1197,-0.0207,-0.0101
0022500778,2026-02-11,2025-26,BOS,CHI,1,0.5668,1,1,-0.1986,0.2068,0.0785,-0.0828
0022500785,2026-02-11,2025-26,PHX,OKC,0,0.5207,1,0,-0.0561,-0.0141,0.0436,-0.089
0022500787,2026-02-11,2025-26,DEN,MEM,1,0.6775,1,1,0.0122,0.091,-0.0109,0.1083
0022500784,2026-02-11,2025-26,NOP,MIA,0,0.5894,1,0,-0.0048,0.0674,-0.0355,-0.0229
0022500775,2026-02-11,2025-26,CHA,ATL,1,0.6166,1,1,0.1562,-0.2438,0.1084,0.0826
0022500783,2026-02-11,2025-26,MIN,POR,1,0.655,1,1,0.1377,0.088,-0.0886,0.0549
0022500779,2026-02-11,2025-26,BKN,IND,0,0.4483,0,1,-0.2559,-0.1985,0.1271,0.0271
0022500776,2026-02-11,2025-26,CLE,WAS,1,0.7602,1,1,0.3949,0.065,0.032,0.0092
0022500782,2026-02-11,2025-26,HOU,LAC,0,0.4577,0,1,-0.4931,0.1067,0.096,-0.0483
0022500788,2026-02-11,2025-26,GSW,SAS,0,0.4246,0,1,-0.0599,-0.1763,-0.0177,-0.0428
0022500790,2026-02-12,2025-26,UTA,POR,0,0.635,1,0,0.0322,0.1195,-0.1072,0.0786
0022500789,2026-02-12,2025-26,OKC,MIL,0,0.6383,1,0,-0.0378,0.0414,0.0374,0.1226
0022500791,2026-02-12,2025-26,LAL,DAL,1,0.7059,1,1,0.5279,-0.179,-0.017,0.0089
0022500792,2026-02-19,2025-26,CHA,HOU,0,0.7124,1,0,0.4098,-0.1473,0.01,0.0369
0022500798,2026-02-19,2025-26,SAS,PHX,1,0.6613,1,1,0.2052,0.0117,-0.0536,0.0656
0022500801,2026-02-19,2025-26,LAC,DEN,1,0.5198,1,1,0.0434,-0.1222,-0.0359,-0.0478
0022500800,2026-02-19,2025-26,SAC,ORL,0,0.4951,0,1,-0.2608,-0.0895,0.1619,-0.0462
0022500795,2026-02-19,2025-26,WAS,IND,1,0.4253,0,0,-0.3129,-0.0878,0.1051,-0.0211
0022500797,2026-02-19,2025-26,CHI,TOR,0,0.4987,0,1,-0.0352,-0.0397,-0.0496,-0.0512
0022500799,2026-02-19,2025-26,GSW,BOS,0,0.5077,1,0,0.1842,-0.198,-0.1109,0.0452
0022500794,2026-02-19,2025-26,PHI,ATL,0,0.6141,1,0,-0.0237,-0.0215,0.0272,0.1077
0022500793,2026-02-19,2025-26,CLE,BKN,1,0.8372,1,1,0.5566,0.1814,0.014,-0.0047
0022500796,2026-02-19,2025-26,NYK,DET,0,0.557,1,0,0.1521,-0.0678,-0.0478,-0.0729
0022500809,2026-02-20,2025-26,LAL,LAC,1,0.6722,1,1,0.3016,-0.0418,-0.0133,-0.0059
0022500808,2026-02-20,2025-26,OKC,BKN,1,0.7172,1,1,0.1611,0.1468,-0.0182,0.0414
0022500807,2026-02-20,2025-26,NOP,MIL,0,0.5742,1,0,-0.1828,0.1105,0.0166,0.0757
0022500806,2026-02-20,2025-26,MIN,DAL,1,0.7408,1,1,0.5047,-0.1032,0.0636,-0.032
0022500805,2026-02-20,2025-26,ATL,MIA,0,0.6032,1,0,0.1007,0.0575,-0.0325,-0.0529
0022500804,2026-02-20,2025-26,MEM,UTA,1,0.6135,1,1,0.0259,0.1017,-0.0208,-0.0241
0022500810,2026-02-20,2025-26,POR,DEN,0,0.4385,0,1,-0.1242,-0.2122,0.1228,-0.1484
0022500803,2026-02-20,2025-26,WAS,IND,1,0.4574,0,0,-0.3209,-0.0162,0.1125,-0.0318
0022500802,2026-02-20,2025-26,CHA,CLE,0,0.3917,0,1,-0.4006,-0.1327,0.0569,0.0152
0022500812,2026-02-21,2025-26,NOP,PHI,1,0.5194,1,1,-0.072,0.0489,-0.0311,-0.0878
0022500813,2026-02-21,2025-26,MIA,MEM,1,0.5244,1,1,-0.2407,0.084,0.0198,0.006
0022500811,2026-02-21,2025-26,PHX,ORL,1,0.5402,1,1,-0.0057,-0.0606,0.1278,-0.1077
0022500814,2026-02-21,2025-26,CHI,DET,0,0.3518,0,1,-0.1945,-0.2196,-0.0658,-0.044
0022500816,2026-02-21,2025-26,NYK,HOU,1,0.7533,1,1,0.4521,0.0947,-0.0639,-0.0042
0022500815,2026-02-21,2025-26,SAS,SAC,1,0.8141,1,1,0.6685,0.0744,-0.079,0.0008
0022500822,2026-02-22,2025-26,WAS,CHA,0,0.5526,1,0,0.0022,0.0599,-0.0876,-0.0422
0022500826,2026-02-22,2025-26,PHX,POR,0,0.5594,1,0,-0.1958,0.2631,-0.0757,-0.0351
0022500821,2026-02-22,2025-26,IND,DAL,0,0.6478,1,0,0.4978,-0.1599,-0.0655,-0.0419
0022500819,2026-02-22,2025-26,MIL,TOR,0,0.648,1,0,0.3247,0.0592,-0.028,-0.135
0022500824,2026-02-22,2025-26,MIN,PHI,0,0.7159,1,0,0.434,-0.0443,0.057,-0.11
0022500818,2026-02-22,2025-26,ATL,BKN,1,0.6968,1,1,0.1063,0.2572,-0.0275,-0.0354
0022500825,2026-02-22,2025-26,CHI,NYK,0,0.3197,0,1,-0.3249,-0.2592,-0.0224,0.0209
0022500823,2026-02-22,2025-26,LAL,BOS,0,0.6848,1,0,0.4519,-0.168,-0.1186,0.1453
0022500817,2026-02-22,2025-26,OKC,CLE,1,0.4054,0,0,-0.3997,-0.0301,-0.0142,0.0166
0022500827,2026-02-22,2025-26,LAC,ORL,0,0.5885,1,0,0.077,-0.1375,0.063,0.0268
0022500820,2026-02-22,2025-26,GSW,DEN,1,0.3168,0,0,-0.2578,-0.1149,-0.0422,-0.1882
0022500828,2026-02-23,2025-26,DET,SAS,0,0.532,1,0,-0.2555,0.0775,0.0259,0.0179
0022500829,2026-02-23,2025-26,MEM,SAC,0,0.7626,1,0,0.5743,0.0181,-0.0845,-0.0155
0022500830,2026-02-23,2025-26,HOU,UTA,1,0.5426,1,1,-0.2343,0.0616,0.0599,-0.0054
0022500834,2026-02-24,2025-26,TOR,OKC,0,0.5225,1,0,-0.2065,0.0243,-0.0268,0.0399
0022500841,2026-02-24,2025-26,POR,MIN,0,0.4308,0,1,-0.1452,-0.1826,0.055,-0.0715
0022500839,2026-02-24,2025-26,PHX,BOS,0,0.4334,0,1,-0.1902,-0.0327,-0.0377,-0.0186
0022500836,2026-02-24,2025-26,CHI,CHA,0,0.4254,0,1,-0.0961,-0.097,-0.1298,-0.0361
0022500831,2026-02-24,2025-26,IND,PHI,0,0.5823,1,0,0.3658,-0.121,-0.1013,-0.0928
0022500835,2026-02-24,2025-26,CLE,NYK,1,0.6694,1,1,0.2559,-0.1013,0.0829,0.0127
0022500840,2026-02-24,2025-26,LAL,ORL,0,0.6561,1,0,0.2829,-0.1044,0.0508,-0.0197
0022500838,2026-02-24,2025-26,NOP,GSW,1,0.6487,1,1,-0.1029,0.2176,-0.0211,0.0971
0022500837,2026-02-24,2025-26,MIL,MIA,1,0.5389,1,1,0.2275,-0.1068,-0.0416,-0.1052
0022500832,2026-02-24,2025-26,ATL,WAS,1,0.5596,1,1,-0.2066,0.1332,0.0116,0.032
0022500833,2026-02-24,2025-26,BKN,DAL,0,0.4255,0,1,-0.062,-0.2812,0.0253,-0.0291
0022500845,2026-02-25,2025-26,HOU,SAC,1,0.6771,1,1,0.3713,-0.1195,0.0103,-0.0324
0022500847,2026-02-25,2025-26,DEN,BOS,1,0.7393,1,1,0.3567,-0.1169,-0.0693,0.226
0022500846,2026-02-25,2025-26,MIL,CLE,1,0.4542,0,0,-0.0631,-0.0245,-0.0587,-0.0967
0022500844,2026-02-25,2025-26,MEM,GSW,0,0.6494,1,0,0.016,0.1439,-0.0416,0.0778
0022500843,2026-02-25,2025-26,TOR,SAS,0,0.4338,0,1,-0.3068,-0.0505,-0.0328,0.0404
0022500842,2026-02-25,2025-26,DET,OKC,1,0.6149,1,1,-0.1013,0.1085,0.021,0.0229
0022500854,2026-02-26,2025-26,DAL,SAC,0,0.7244,1,0,0.324,0.1095,-0.0792,0.0123
0022500849,2026-02-26,2025-26,PHI,MIA,1,0.5924,1,1,0.0038,-0.043,-0.0306,0.0664
0022500851,2026-02-26,2025-26,BKN,SAS,0,0.2837,0,1,-0.5187,-0.1632,-0.0465,0.0154
0022500856,2026-02-26,2025-26,UTA,NOP,0,0.4648,0,1,-0.1658,-0.1306,0.0573,-0.019
0022500853,2026-02-26,2025-26,CHI,POR,0,0.3793,0,1,-0.4258,0.0434,-0.1289,0.0284
0022500857,2026-02-26,2025-26,LAC,MIN,0,0.478,0,1,-0.201,-0.0472,-0.0721,0.0584
0022500848,2026-02-26,2025-26,IND,CHA,0,0.5515,1,0,0.1532,0.0505,-0.2117,-0.0302
0022500855,2026-02-26,2025-26,PHX,LAL,1,0.3668,0,0,-0.5668,0.142,0.0992,-0.1478
0022500850,2026-02-26,2025-26,ATL,WAS,1,0.611,1,1,-0.1729,0.161,0.0542,0.0392
0022500852,2026-02-26,2025-26,ORL,HOU,0,0.5496,1,0,-0.1784,0.1996,-0.1291,0.0282
0022500861,2026-02-27,2025-26,DAL,MEM,0,0.5232,1,0,-0.2535,0.0866,0.0099,0.0252
0022500860,2026-02-27,2025-26,MIL,NYK,0,0.6216,1,0,0.3671,-0.1087,0.0225,-0.0875
0022500862,2026-02-27,2025-26,OKC,DEN,1,0.4983,0,0,-0.0906,-0.0365,0.0093,-0.0971
0022500858,2026-02-27,2025-26,DET,CLE,1,0.4984,0,0,-0.2341,0.0219,0.0117,-0.0221
0022500859,2026-02-27,2025-26,BOS,BKN,1,0.6201,1,1,-0.0356,0.1486,0.0812,-0.0815
0022500866,2026-02-28,2025-26,GSW,LAL,0,0.4964,0,1,-0.0346,-0.0528,0.0676,-0.1336
0022500863,2026-02-28,2025-26,CHA,POR,1,0.6087,1,1,-0.0382,0.0359,0.0078,0.0172
0022500867,2026-02-28,2025-26,UTA,NOP,0,0.4534,0,1,-0.2121,-0.1439,0.0778,-0.0201
0022500864,2026-02-28,2025-26,MIA,HOU,1,0.6174,1,1,-0.211,0.2422,-0.0003,0.0321
0022500865,2026-02-28,2025-26,WAS,TOR,0,0.4427,0,1,-0.1119,-0.0482,-0.0567,-0.066
0022500868,2026-03-01,2025-26,NYK,SAS,1,0.4369,0,0,-0.2349,0.0063,-0.0626,-0.0077
0022500872,2026-03-01,2025-26,IND,MEM,0,0.4707,0,1,-0.0984,-0.0528,-0.0272,-0.014
0022500877,2026-03-01,2025-26,LAC,NOP,1,0.4725,0,0,-0.1719,-0.0999,-0.0447,0.0538
0022500874,2026-03-01,2025-26,BOS,PHI,1,0.6233,1,1,0.1378,0.0396,0.0739,-0.1426
0022500873,2026-03-01,2025-26,ATL,POR,1,0.5784,1,1,-0.2455,0.2486,-0.0724,0.0277
0022500875,2026-03-01,2025-26,ORL,DET,0,0.5396,1,0,0.0107,0.0234,-0.1537,0.0191
0022500878,2026-03-01,2025-26,LAL,SAC,1,0.7411,1,1,0.6441,-0.1297,-0.108,0.0422
0022500876,2026-03-01,2025-26,DAL,OKC,0,0.6054,1,0,-0.0453,0.0845,-0.0429,0.0521
0022500870,2026-03-01,2025-26,CHI,MIL,1,0.3606,0,0,-0.4172,-0.1215,0.0104,0.0608
0022500869,2026-03-01,2025-26,BKN,CLE,0,0.3555,0,1,-0.3121,-0.0925,-0.0757,-0.0494
0022500871,2026-03-01,2025-26,DEN,MIN,0,0.6048,1,0,-0.0991,0.044,0.0006,0.0682
0022500882,2026-03-02,2025-26,GSW,LAC,0,0.5598,1,0,0.174,-0.0327,0.0617,-0.2083
0022500881,2026-03-02,2025-26,UTA,DEN,0,0.4916,0,1,-0.1543,-0.0213,0.0055,-0.0546
0022500879,2026-03-02,2025-26,WAS,HOU,0,0.4839,0,1,-0.1772,0.1002,-0.0953,-0.0184
0022500880,2026-03-02,2025-26,MIL,BOS,0,0.4917,0,1,0.0908,-0.0873,-0.1229,-0.0225
0022500883,2026-03-03,2025-26,CHA,DAL,1,0.6702,1,1,0.2027,-0.1206,0.1685,-0.0495
0022500886,2026-03-03,2025-26,MIA,BKN,1,0.6731,1,1,-0.0132,0.131,0.0756,0.0264
0022500884,2026-03-03,2025-26,CLE,DET,1,0.7094,1,1,0.2969,-0.0315,-0.062,0.0801
0022500887,2026-03-03,2025-26,TOR,NYK,0,0.6107,1,0,0.0394,-0.0255,0.0197,0.0514
0022500885,2026-03-03,2025-26,ORL,WAS,1,0.6454,1,1,-0.0023,0.0745,0.0078,0.0952
0022500891,2026-03-03,2025-26,LAL,NOP,1,0.5609,1,1,0.0331,0.0312,-0.0736,-0.0205
0022500890,2026-03-03,2025-26,MIN,MEM,1,0.5817,1,1,0.0187,-0.0498,0.0479,0.0175
0022500889,2026-03-03,2025-26,CHI,OKC,0,0.4397,0,1,-0.0406,-0.2019,-0.0417,-0.0089
0022500892,2026-03-03,2025-26,SAC,PHX,0,0.5711,1,0,-0.0967,-0.0185,0.009,0.0971
0022500888,2026-03-03,2025-26,PHI,SAS,0,0.4357,0,1,-0.399,0.0262,-0.0558,0.0719
0022500897,2026-03-04,2025-26,MIL,ATL,0,0.5089,1,0,0.194,-0.1555,-0.077,-0.0796
0022500896,2026-03-04,2025-26,MEM,POR,0,0.6893,1,0,0.2607,0.1466,-0.1284,0.0129
0022500894,2026-03-04,2025-26,BOS,CHA,0,0.5221,1,0,-0.1838,0.1223,-0.0351,-0.0464
0022500895,2026-03-04,2025-26,PHI,UTA,1,0.5452,1,1,-0.1581,0.0619,-0.068,0.0539
0022500898,2026-03-04,2025-26,LAC,IND,1,0.6739,1,1,-0.0598,0.0709,0.0508,0.1455
0022500893,2026-03-04,2025-26,NYK,OKC,0,0.6416,1,0,0.2285,0.0072,-0.0204,-0.0219
0022500906,2026-03-05,2025-26,DEN,LAL,1,0.6343,1,1,0.0083,-0.0364,0.0636,0.0777
0022500900,2026-03-05,2025-26,WAS,UTA,0,0.5386,1,0,0.0628,0.0298,-0.0632,-0.085
0022500902,2026-03-05,2025-26,HOU,GSW,0,0.6379,1,0,0.1346,-0.1009,0.0559,0.0764
0022500904,2026-03-05,2025-26,SAS,DET,1,0.6744,1,1,0.3733,-0.0218,-0.099,-0.0032
0022500899,2026-03-05,2025-26,ORL,DAL,1,0.6708,1,1,0.1336,0.1058,-0.0391,0.0007
0022500905,2026-03-05,2025-26,PHX,CHI,0,0.5583,1,0,-0.2708,0.2428,0.0994,-0.1042
0022500907,2026-03-05,2025-26,SAC,NOP,0,0.425,0,1,-0.4926,0.1002,0.0545,-0.0588
0022500903,2026-03-05,2025-26,MIN,TOR,1,0.588,1,1,0.1228,-0.1254,0.0245,0.0052
0022500901,2026-03-05,2025-26,MIA,BKN,1,0.7635,1,1,0.21,0.1572,0.1013,0.0056
0022500910,2026-03-06,2025-26,HOU,POR,1,0.678,1,1,0.248,0.0022,-0.0007,-0.0184
0022500909,2026-03-06,2025-26,CHA,MIA,0,0.5954,1,0,0.1235,-0.1006,0.0406,-0.04
0022500912,2026-03-06,2025-26,PHX,NOP,1,0.3812,0,0,-0.4548,0.068,0.0464,-0.1303
0022500914,2026-03-06,2025-26,LAL,IND,1,0.6978,1,1,0.1734,0.1365,0.0161,0.0168
0022500911,2026-03-06,2025-26,DEN,NYK,0,0.6449,1,0,0.0457,-0.0498,0.0077,0.1368
0022500913,2026-03-06,2025-26,SAS,LAC,1,0.6496,1,1,0.2345,-0.0034,0.0148,-0.0763
0022500908,2026-03-06,2025-26,BOS,DAL,1,0.6644,1,1,0.1444,0.0915,0.109,-0.1468
0022500918,2026-03-07,2025-26,MEM,LAC,0,0.576,1,0,0.1438,-0.0655,-0.0051,-0.0677
0022500916,2026-03-07,2025-26,DET,BKN,0,0.7278,1,0,0.0654,0.1183,0.1414,0.0185
0022500920,2026-03-07,2025-26,OKC,GSW,1,0.5728,1,1,-0.0817,0.0681,-0.0638,0.0977
0022500917,2026-03-07,2025-26,ATL,PHI,1,0.6946,1,1,0.2473,-0.0106,0.0603,-0.0174
0022500919,2026-03-07,2025-26,MIL,UTA,1,0.5475,1,1,0.1618,-0.0701,-0.0587,-0.0663
0022500915,2026-03-07,2025-26,MIN,ORL,0,0.6147,1,0,0.2994,-0.2023,0.03,-0.0176
0022500922,2026-03-08,2025-26,LAL,NYK,1,0.6182,1,1,0.1029,0.0563,-0.0722,0.0477
0022500929,2026-03-08,2025-26,POR,IND,1,0.4995,0,0,-0.2139,-0.1212,0.1407,0.006
0022500926,2026-03-08,2025-26,MIL,ORL,0,0.5102,1,0,0.1289,-0.1176,-0.002,-0.1096
0022500925,2026-03-08,2025-26,NOP,WAS,1,0.64,1,1,-0.0398,-0.0313,0.0752,0.116
0022500924,2026-03-08,2025-26,TOR,DAL,1,0.6815,1,1,0.1905,0.0567,0.0292,-0.0271
0022500930,2026-03-08,2025-26,SAC,CHI,1,0.5953,1,1,-0.3413,0.2672,0.101,-0.0146
0022500927,2026-03-08,2025-26,SAS,HOU,1,0.645,1,1,0.0315,0.1907,-0.086,0.0215
0022500923,2026-03-08,2025-26,MIA,DET,1,0.7207,1,1,0.2641,0.0938,-0.0541,0.0221
0022500921,2026-03-08,2025-26,CLE,BOS,0,0.6361,1,0,0.0643,-0.0468,-0.0318,0.1338
0022500928,2026-03-08,2025-26,PHX,CHA,1,0.3192,0,0,-0.5245,0.0114,-0.0089,-0.0922
0022500931,2026-03-09,2025-26,CLE,PHI,1,0.7584,1,1,0.3608,-0.0303,0.0676,0.0562
0022500935,2026-03-09,2025-26,LAC,NYK,1,0.6605,1,1,-0.0017,0.0508,-0.0287,0.1512
0022500932,2026-03-09,2025-26,BKN,MEM,1,0.3543,0,0,-0.4138,-0.1049,-0.0055,0.0022
0022500933,2026-03-09,2025-26,OKC,DEN,1,0.4353,0,0,-0.2854,0.0302,-0.0178,-0.0814
0022500934,2026-03-09,2025-26,UTA,GSW,1,0.559,1,1,-0.1806,0.0527,-0.0185,0.1034
0022500945,2026-03-10,2025-26,SAC,IND,1,0.5441,1,1,-0.3417,0.1576,0.0866,0.0071
0022500938,2026-03-10,2025-26,MIA,WAS,1,0.7121,1,1,0.0382,0.1516,0.0902,0.049
0022500937,2026-03-10,2025-26,BKN,DET,0,0.5338,1,0,0.1365,-0.1678,-0.0811,0.0
0022500936,2026-03-10,2025-26,PHI,MEM,1,0.4766,0,0,-0.2784,0.069,-0.014,-0.0116
0022500946,2026-03-10,2025-26,LAL,MIN,1,0.6202,1,1,0.0235,0.1335,-0.0339,-0.0131
0022500940,2026-03-10,2025-26,HOU,TOR,1,0.6333,1,1,0.2501,-0.175,0.0887,-0.0292
0022500939,2026-03-10,2025-26,ATL,DAL,1,0.725,1,1,0.2423,0.0447,0.0638,-0.008
0022500944,2026-03-10,2025-26,POR,CHA,0,0.4096,0,1,-0.3114,-0.1235,-0.0261,0.0459
0022500942,2026-03-10,2025-26,SAS,BOS,1,0.6643,1,1,0.3048,-0.0144,-0.0833,0.0421
0022500941,2026-03-10,2025-26,MIL,PHX,0,0.6058,1,0,0.3752,-0.113,-0.1307,0.0109
0022500943,2026-03-10,2025-26,GSW,CHI,0,0.6813,1,0,0.0506,0.207,0.1179,-0.0908
0022500947,2026-03-11,2025-26,ORL,CLE,1,0.5738,1,1,-0.0162,0.0069,-0.032,0.006
0022500951,2026-03-11,2025-26,SAC,CHA,0,0.4117,0,1,-0.4556,0.1097,-0.0834,0.0224
0022500948,2026-03-11,2025-26,NOP,TOR,1,0.6806,1,1,0.0798,-0.0665,0.1061,0.0731
0022500949,2026-03-11,2025-26,UTA,NYK,0,0.5187,1,0,-0.3232,0.0573,0.0158,0.0879
0022500952,2026-03-11,2025-26,LAC,MIN,1,0.6729,1,1,0.0036,0.1175,0.0088,0.0504
0022500950,2026-03-11,2025-26,DEN,HOU,1,0.6005,1,1,-0.1039,0.1458,-0.1124,0.069
0022501111,2026-03-12,2025-26,MEM,DAL,0,0.7159,1,0,0.3445,0.0093,0.0292,-0.0328
0022500953,2026-03-12,2025-26,DET,PHI,1,0.5938,1,1,-0.113,0.0007,0.0912,0.0207
0022500960,2026-03-12,2025-26,LAL,CHI,1,0.7775,1,1,0.2455,0.274,0.0014,0.0253
0022500956,2026-03-12,2025-26,ATL,BKN,1,0.7056,1,1,0.082,0.1706,0.0533,-0.0186
0022500954,2026-03-12,2025-26,IND,PHX,0,0.5663,1,0,0.1496,-0.0856,-0.1224,0.0734
0022500955,2026-03-12,2025-26,ORL,WAS,1,0.6513,1,1,-0.1452,0.1635,0.0352,0.0952
0022500959,2026-03-12,2025-26,OKC,BOS,1,0.51,1,1,-0.0567,-0.0135,-0.1036,0.0445
0022500958,2026-03-12,2025-26,SAS,DEN,0,0.6131,1,0,0.192,0.0065,-0.0245,-0.0733
0022500957,2026-03-12,2025-26,MIA,MIL,1,0.7933,1,1,0.1727,0.1714,0.113,0.1199
0022500967,2026-03-13,2025-26,POR,UTA,1,0.5247,1,1,0.013,-0.1268,0.0013,-0.0302
0022500964,2026-03-13,2025-26,HOU,NOP,1,0.5697,1,1,0.1192,-0.0922,0.0212,-0.1146
0022500963,2026-03-13,2025-26,TOR,PHX,1,0.5976,1,1,0.032,0.0526,-0.1016,0.0754
0022500968,2026-03-13,2025-26,LAC,CHI,1,0.8146,1,1,0.2412,0.2277,0.0294,0.1303
0022500966,2026-03-13,2025-26,GSW,MIN,0,0.5143,1,0,-0.1764,0.1129,0.0797,-0.1514
0022500962,2026-03-13,2025-26,IND,NYK,0,0.4531,0,1,-0.2441,0.0213,-0.0898,0.0435
0022500961,2026-03-13,2025-26,DET,MEM,1,0.5884,1,1,-0.2071,0.0702,0.0585,0.0462
0022500965,2026-03-13,2025-26,DAL,CLE,0,0.3893,0,1,-0.2796,-0.1615,-0.0104,-0.021
0022500974,2026-03-14,2025-26,LAL,DEN,1,0.6606,1,1,0.2209,0.0429,0.0018,-0.0653
0022500970,2026-03-14,2025-26,ATL,MIL,1,0.7112,1,1,-0.0006,0.1113,0.1427,0.0864
0022500975,2026-03-14,2025-26,LAC,SAC,0,0.7561,1,0,0.387,-0.0193,-0.0304,0.1169
0022500971,2026-03-14,2025-26,BOS,WAS,1,0.6239,1,1,-0.0997,0.1441,0.0924,-0.0222
0022500972,2026-03-14,2025-26,MIA,ORL,0,0.6393,1,0,0.0523,-0.0189,0.0685,-0.0189
0022500973,2026-03-14,2025-26,SAS,CHA,1,0.5947,1,1,0.1054,0.0533,-0.1267,0.0365
0022500969,2026-03-14,2025-26,PHI,BKN,1,0.6513,1,1,-0.0128,0.2078,0.0111,-0.0437
0022500980,2026-03-15,2025-26,PHI,POR,1,0.6179,1,1,-0.0156,0.1412,-0.0849,0.0319
0022500978,2026-03-15,2025-26,TOR,DET,1,0.5342,1,1,-0.003,0.0688,-0.1356,-0.0441
0022500976,2026-03-15,2025-26,OKC,MIN,1,0.518,1,1,-0.1969,0.1737,-0.0341,-0.081
0022500977,2026-03-15,2025-26,CLE,DAL,0,0.8144,1,0,0.4915,0.166,0.0057,-0.0115
0022500979,2026-03-15,2025-26,MIL,IND,1,0.5253,1,1,0.2156,-0.1529,-0.0402,-0.0596
0022500982,2026-03-15,2025-26,SAC,UTA,1,0.628,1,1,0.1499,0.0498,-0.0146,-0.0671
0022500981,2026-03-15,2025-26,NYK,GSW,1,0.6379,1,1,0.2206,-0.0585,-0.0173,0.0319
0022500990,2026-03-16,2025-26,LAC,SAS,0,0.5975,1,0,-0.1282,0.0448,0.0183,0.0888
0022500985,2026-03-16,2025-26,BKN,POR,0,0.5478,1,0,0.0321,-0.0915,-0.076,0.0397
0022500988,2026-03-16,2025-26,NOP,DAL,1,0.7827,1,1,0.3063,0.0541,0.0741,0.0479
0022500986,2026-03-16,2025-26,BOS,PHX,1,0.5909,1,1,-0.0389,0.0539,0.0047,0.017
0022500984,2026-03-16,2025-26,WAS,GSW,0,0.5556,1,0,0.1529,-0.1068,-0.1093,0.0517
0022500989,2026-03-16,2025-26,HOU,LAL,0,0.4154,0,1,-0.3597,-0.129,0.1176,-0.0212
0022500983,2026-03-16,2025-26,ATL,ORL,1,0.5983,1,1,0.0675,-0.0116,0.0591,-0.0946
0022500987,2026-03-16,2025-26,CHI,MEM,1,0.4595,0,0,-0.0822,-0.0876,-0.0537,-0.0301
0022500998,2026-03-17,2025-26,SAC,SAS,0,0.4095,0,1,-0.3725,0.0131,0.0123,-0.0436
0022500991,2026-03-17,2025-26,CHA,MIA,1,0.5372,1,1,0.0648,-0.083,0.0325,-0.1166
0022500996,2026-03-17,2025-26,MIN,PHX,1,0.5425,1,1,0.1037,-0.1741,-0.0564,0.0543
0022500995,2026-03-17,2025-26,MIL,CLE,0,0.3588,0,1,-0.1221,-0.1768,-0.0828,-0.0725
0022500994,2026-03-17,2025-26,NYK,IND,1,0.7147,1,1,0.3069,-0.024,0.1069,-0.0277
0022500992,2026-03-17,2025-26,ORL,OKC,0,0.6775,1,0,0.1456,-0.0669,0.0603,0.0991
0022500993,2026-03-17,2025-26,WAS,DET,0,0.5004,1,0,0.0803,-0.1253,-0.0995,-0.0422
0022500997,2026-03-17,2025-26,DEN,PHI,1,0.7438,1,1,0.3569,0.0404,-0.0407,0.0648
0022501005,2026-03-18,2025-26,NOP,LAC,1,0.4554,0,0,-0.263,-0.1609,0.0646,0.0074
0022501001,2026-03-18,2025-26,IND,POR,0,0.5919,1,0,0.0503,0.1123,-0.1052,-0.0164
0022500651,2026-03-18,2025-26,MEM,DEN,1,0.4783,0,0,-0.184,-0.0586,0.0748,-0.0858
0022501004,2026-03-18,2025-26,MIN,UTA,1,0.6263,1,1,0.2689,-0.1442,-0.0538,0.0312
0022501000,2026-03-18,2025-26,BKN,OKC,0,0.4536,0,1,-0.0173,-0.361,0.0655,0.0349
0022501006,2026-03-18,2025-26,DAL,ATL,0,0.3115,0,1,-0.4993,-0.0849,-0.0796,0.0002
0022500999,2026-03-18,2025-26,BOS,GSW,1,0.6792,1,1,0.1942,0.0279,-0.0169,0.0526
0022501007,2026-03-18,2025-26,HOU,LAL,0,0.3869,0,1,-0.3912,-0.1926,0.1384,-0.0167
0022501002,2026-03-18,2025-26,CHI,TOR,0,0.5065,1,0,0.0687,-0.1722,0.0093,-0.0367
0022501013,2026-03-19,2025-26,SAS,PHX,1,0.6636,1,1,0.241,0.0327,-0.0514,0.0059
0022501010,2026-03-19,2025-26,MIA,LAL,0,0.5206,1,0,-0.3517,0.0408,0.0608,0.0736
0022501012,2026-03-19,2025-26,NOP,LAC,1,0.5017,1,1,-0.1841,-0.1352,0.0556,0.0238
0022501014,2026-03-19,2025-26,UTA,MIL,1,0.5897,1,1,-0.2491,0.0747,0.1063,0.0905
0022501011,2026-03-19,2025-26,CHI,CLE,0,0.4083,0,1,-0.1368,-0.1787,-0.0128,-0.0427
0022501008,2026-03-19,2025-26,CHA,ORL,1,0.5792,1,1,0.0757,-0.0343,0.079,-0.127
0022501015,2026-03-19,2025-26,SAC,PHI,0,0.7065,1,0,0.298,0.0849,0.0027,-0.0371
0022501009,2026-03-19,2025-26,WAS,DET,0,0.5171,1,0,0.1367,-0.1352,-0.0967,-0.0485
0022501019,2026-03-20,2025-26,MEM,BOS,0,0.5831,1,0,0.068,-0.0702,-0.0246,0.0301
0022501016,2026-03-20,2025-26,BKN,NYK,0,0.3184,0,1,-0.4165,-0.2418,-0.0976,0.1031
0022501020,2026-03-20,2025-26,MIN,POR,0,0.7314,1,0,0.3554,0.0063,-0.0771,0.0823
0022501018,2026-03-20,2025-26,HOU,ATL,1,0.3833,0,0,-0.3393,-0.1789,0.0554,-0.0204
0022501021,2026-03-20,2025-26,DEN,TOR,1,0.65,1,1,0.1826,-0.0452,-0.0278,0.0476
0022501017,2026-03-20,2025-26,DET,GSW,1,0.767,1,1,0.3086,0.0185,0.0351,0.11
0022501028,2026-03-21,2025-26,SAS,IND,1,0.783,1,1,0.3836,0.1341,0.0407,0.0279
0022501030,2026-03-21,2025-26,UTA,PHI,0,0.6773,1,0,0.2407,-0.0443,0.0276,0.0087
0022501023,2026-03-21,2025-26,CHA,MEM,1,0.6416,1,1,0.1127,0.0119,0.0548,-0.0326
0022501025,2026-03-21,2025-26,NOP,CLE,0,0.5527,1,0,-0.1365,-0.0881,0.0647,0.0523
0022501031,2026-03-21,2025-26,PHX,MIL,0,0.6481,1,0,-0.1151,0.1394,0.1091,0.0494
0022501027,2026-03-21,2025-26,HOU,MIA,1,0.4636,0,0,-0.0404,-0.2579,0.0807,-0.0873
0022501022,2026-03-21,2025-26,WAS,OKC,0,0.5394,1,0,0.1954,-0.2556,0.0368,-0.0143
0022501026,2026-03-21,2025-26,ATL,GSW,1,0.7663,1,1,0.4312,0.0652,-0.0147,0.0235
0022501029,2026-03-21,2025-26,DAL,LAC,0,0.3326,0,1,-0.4604,-0.1409,0.0188,-0.0303
0022501024,2026-03-21,2025-26,ORL,LAL,0,0.5007,1,0,-0.308,0.0496,0.0026,0.0385
0022501035,2026-03-22,2025-26,BOS,MIN,0,0.5542,1,0,-0.2258,0.1678,0.0382,-0.0895
0022501033,2026-03-22,2025-26,SAC,BKN,1,0.7837,1,1,0.3492,0.2929,-0.0099,-0.0877
0022501032,2026-03-22,2025-26,DEN,POR,1,0.7852,1,1,0.4262,0.1523,-0.1426,0.0956
0022501036,2026-03-22,2025-26,PHX,TOR,1,0.522,1,1,-0.1496,0.0243,0.0347,-0.0437
0022501034,2026-03-22,2025-26,NYK,WAS,1,0.6647,1,1,0.0089,0.0801,0.1161,-0.0084
0022501041,2026-03-23,2025-26,MIA,SAS,0,0.4964,0,1,-0.2958,-0.0118,0.014,0.0677
0022501045,2026-03-23,2025-26,POR,BKN,1,0.7223,1,1,0.1699,0.0933,0.1103,-0.0516
0022501046,2026-03-23,2025-26,LAC,MIL,1,0.7147,1,1,0.0082,0.1751,0.0641,0.1072
0022501037,2026-03-23,2025-26,ATL,MEM,1,0.7289,1,1,0.3882,-0.0005,0.0392,-0.025
0022501038,2026-03-23,2025-26,DET,LAL,1,0.5274,1,1,-0.2387,-0.0286,0.0914,0.0125
0022501040,2026-03-23,2025-26,PHI,OKC,0,0.5297,1,0,-0.1005,-0.1249,0.0895,0.0149
0022501044,2026-03-23,2025-26,DAL,GSW,0,0.6009,1,0,-0.0298,0.0546,-0.0203,0.0322
0022501042,2026-03-23,2025-26,CHI,HOU,1,0.5686,1,1,0.0497,0.0566,-0.1011,-0.0164
0022501043,2026-03-23,2025-26,UTA,TOR,0,0.5199,1,0,-0.172,-0.0475,0.0718,-0.0119
0022501039,2026-03-23,2025-26,ORL,IND,0,0.6355,1,0,-0.0424,0.0188,0.0746,0.0759
0022501048,2026-03-24,2025-26,NYK,NOP,1,0.6206,1,1,0.0952,-0.0383,0.0685,-0.0671
0022501049,2026-03-24,2025-26,CLE,ORL,1,0.6632,1,1,0.2193,0.0239,-0.0065,-0.0393
0022501047,2026-03-24,2025-26,CHA,SAC,1,0.5901,1,1,0.0826,-0.0743,0.0406,-0.0071
0022501050,2026-03-24,2025-26,PHX,DEN,0,0.5033,1,0,-0.2108,0.0183,0.0916,-0.0702
0022501058,2026-03-25,2025-26,MIN,HOU,1,0.6252,1,1,0.0513,0.0194,-0.0658,0.0751
0022501055,2026-03-25,2025-26,CLE,MIA,0,0.6815,1,0,0.329,-0.0098,-0.0129,-0.0497
0022501051,2026-03-25,2025-26,DET,ATL,0,0.5619,1,0,-0.1966,0.0238,0.0306,0.0631
0022501062,2026-03-25,2025-26,LAC,TOR,1,0.6705,1,1,0.1141,0.0611,0.0096,0.0345
0022501054,2026-03-25,2025-26,BOS,OKC,1,0.4695,0,0,-0.2945,-0.0345,0.0657,0.0019
0022501056,2026-03-25,2025-26,MEM,SAS,0,0.3283,0,1,-0.4081,-0.1459,-0.0385,0.0031
0022501061,2026-03-25,2025-26,POR,MIL,1,0.5907,1,1,-0.2126,-0.0029,0.1534,0.0852
0022501059,2026-03-25,2025-26,DEN,DAL,1,0.7609,1,1,0.3597,0.1526,-0.0667,0.0494
0022501053,2026-03-25,2025-26,PHI,CHI,1,0.5697,1,1,-0.1376,0.0339,0.0447,0.0318
0022501052,2026-03-25,2025-26,IND,LAL,0,0.4303,0,1,-0.1514,-0.024,-0.0582,-0.087
0022501057,2026-03-25,2025-26,UTA,WAS,0,0.6197,1,0,-0.1828,0.1042,0.0832,0.0608
0022501060,2026-03-25,2025-26,GSW,BKN,1,0.7153,1,1,0.1745,0.1245,0.0995,-0.0848
0022501063,2026-03-26,2025-26,CHA,NYK,1,0.5497,1,1,-0.0154,0.0094,-0.0468,-0.0271
0022501065,2026-03-26,2025-26,ORL,SAC,1,0.6302,1,1,-0.0032,0.0007,0.0059,0.1008
0022501064,2026-03-26,2025-26,DET,NOP,1,0.6243,1,1,0.0358,-0.0041,0.0614,-0.0292
0022501066,2026-03-27,2025-26,IND,LAC,0,0.3948,0,1,-0.1969,-0.1014,-0.0333,-0.0477
0022501068,2026-03-27,2025-26,CLE,MIA,1,0.6558,1,1,0.2616,-0.0247,0.0006,-0.045
0022501069,2026-03-27,2025-26,MEM,HOU,0,0.5161,1,0,-0.141,0.092,-0.111,0.0082
0022501074,2026-03-27,2025-26,POR,DAL,0,0.6322,1,0,0.1311,-0.1235,0.0699,0.0184
0022501073,2026-03-27,2025-26,GSW,WAS,1,0.5718,1,1,-0.1745,-0.0096,0.1093,0.045
0022501071,2026-03-27,2025-26,TOR,NOP,1,0.5771,1,1,0.0986,-0.013,-0.0451,-0.0389
0022501067,2026-03-27,2025-26,BOS,ATL,1,0.478,0,0,-0.3315,0.0751,-0.0384,0.0374
0022501075,2026-03-27,2025-26,LAL,BKN,1,0.8635,1,1,0.4767,0.2655,0.0697,0.0266
0022501070,2026-03-27,2025-26,OKC,CHI,1,0.6466,1,1,0.0832,0.1161,-0.0419,0.0278
0022501072,2026-03-27,2025-26,DEN,UTA,1,0.8114,1,1,0.5653,0.1744,-0.0711,-0.0081
0022501076,2026-03-28,2025-26,MIL,SAS,0,0.2962,0,1,-0.1587,-0.2666,-0.0994,-0.0832
0022501081,2026-03-28,2025-26,PHX,UTA,1,0.6663,1,1,0.0701,0.1662,-0.0004,-0.0305
0022501077,2026-03-28,2025-26,CHA,PHI,0,0.6588,1,0,0.305,-0.1234,0.0487,-0.0302
0022501078,2026-03-28,2025-26,ATL,SAC,1,0.6268,1,1,0.0488,0.0302,0.0515,-0.0007
0022501079,2026-03-28,2025-26,MEM,CHI,1,0.473,0,0,-0.2299,0.021,-0.0206,0.0023
0022501080,2026-03-28,2025-26,MIN,DET,0,0.3999,0,1,-0.2689,-0.1255,-0.068,0.011
0022501090,2026-03-29,2025-26,DEN,GSW,1,0.7888,1,1,0.4015,0.2528,-0.1003,0.0114
0022501085,2026-03-29,2025-26,CHA,BOS,0,0.6685,1,0,0.2925,-0.0949,0.0533,-0.0458
0022501082,2026-03-29,2025-26,MIL,LAC,0,0.3076,0,1,-0.2029,-0.2356,-0.0403,-0.0971
0022501087,2026-03-29,2025-26,POR,WAS,1,0.5654,1,1,-0.2085,-0.0892,0.1618,0.0858
0022501086,2026-03-29,2025-26,TOR,ORL,1,0.59,1,1,0.1851,-0.0754,0.0038,-0.0865
0022501083,2026-03-29,2025-26,IND,MIA,1,0.5688,1,1,0.3217,-0.1455,-0.049,-0.1102
0022501084,2026-03-29,2025-26,BKN,SAC,1,0.3071,0,0,-0.4662,-0.1567,-0.0889,0.0676
0022501089,2026-03-29,2025-26,OKC,NYK,1,0.6038,1,1,-0.0173,0.1586,-0.0935,0.01
0022501088,2026-03-29,2025-26,NOP,HOU,0,0.6753,1,0,0.0909,0.1598,-0.0902,0.0518
0022501091,2026-03-30,2025-26,MIA,PHI,1,0.597,1,1,-0.0121,0.0345,-0.0483,0.0439
0022501093,2026-03-30,2025-26,MEM,PHX,0,0.3497,0,1,-0.3479,-0.0768,-0.0844,0.003
0022501095,2026-03-30,2025-26,DAL,MIN,0,0.6511,1,0,0.0953,0.0929,-0.02,-0.0202
0022501092,2026-03-30,2025-26,ATL,BOS,1,0.6464,1,1,0.1785,-0.0002,0.0216,-0.0432
0022501094,2026-03-30,2025-26,SAS,CHI,1,0.729,1,1,0.1878,0.1498,0.043,0.0015
0022501098,2026-03-30,2025-26,LAL,WAS,1,0.7963,1,1,0.2484,0.1481,0.0613,0.1385
0022501096,2026-03-30,2025-26,UTA,CLE,0,0.3651,0,1,-0.3501,-0.1306,0.0133,-0.0275
0022501097,2026-03-30,2025-26,OKC,DET,1,0.5926,1,1,-0.0788,0.1665,-0.0893,0.0132
0022501099,2026-03-31,2025-26,ORL,PHX,1,0.4743,0,0,-0.1521,-0.1439,-0.0616,0.0995
0022501101,2026-03-31,2025-26,DET,TOR,1,0.5259,1,1,-0.1743,-0.0441,0.08,0.0071
0022501100,2026-03-31,2025-26,BKN,CHA,0,0.2883,0,1,-0.4836,-0.0838,-0.1431,0.0047
0022500652,2026-03-31,2025-26,MIL,DAL,1,0.5144,1,1,0.2655,-0.1661,-0.0744,-0.1052
0022501102,2026-03-31,2025-26,HOU,NYK,1,0.4796,0,0,-0.2235,-0.03,0.0298,-0.0287
0022501104,2026-03-31,2025-26,LAC,POR,0,0.7117,1,0,0.2351,0.2237,-0.1166,-0.032
0022501103,2026-03-31,2025-26,LAL,CLE,1,0.5902,1,1,0.006,-0.0784,0.005,0.0714
0022501107,2026-04-01,2025-26,ORL,ATL,0,0.4275,0,1,-0.3217,-0.1396,-0.0471,0.1286
0022501003,2026-04-01,2025-26,MEM,NYK,0,0.3766,0,1,-0.263,-0.0495,-0.1446,0.0025
0022501113,2026-04-01,2025-26,GSW,SAS,0,0.3978,0,1,-0.1471,-0.2943,-0.023,0.0323
0022501109,2026-04-01,2025-26,CHI,IND,0,0.4583,0,1,-0.3323,-0.0043,0.0503,0.0392
0022501108,2026-04-01,2025-26,TOR,SAC,0,0.6883,1,0,0.2475,0.0372,-0.0186,0.0334
0022501106,2026-04-01,2025-26,MIA,BOS,0,0.6196,1,0,0.0507,0.108,-0.0785,-0.0036
0022501110,2026-04-01,2025-26,HOU,MIL,1,0.6773,1,1,-0.0953,0.1579,0.1447,0.0381
0022501105,2026-04-01,2025-26,WAS,PHI,0,0.4867,0,1,0.1532,-0.1569,-0.0778,-0.0546
0022501112,2026-04-01,2025-26,UTA,DEN,0,0.3448,0,1,-0.4488,-0.1064,0.0512,-0.0354
0022501114,2026-04-02,2025-26,CHA,PHX,1,0.664,1,1,0.2931,-0.1423,0.0415,0.019
0022501118,2026-04-02,2025-26,POR,NOP,1,0.6003,1,1,0.0346,-0.1849,0.1049,0.0556
0022501115,2026-04-02,2025-26,DET,MIN,1,0.6996,1,1,0.1682,0.067,0.0346,0.0062
0022501116,2026-04-02,2025-26,OKC,LAL,1,0.4838,0,0,-0.2774,0.0582,0.0228,-0.0735
0022501119,2026-04-02,2025-26,LAC,SAS,0,0.557,1,0,0.1185,-0.0886,-0.0928,0.0274
0022501117,2026-04-02,2025-26,GSW,CLE,0,0.3737,0,1,-0.2084,-0.2981,0.034,-0.0053
0022501121,2026-04-03,2025-26,PHI,MIN,1,0.6995,1,1,0.1386,0.1871,-0.0036,-0.0149
0022501123,2026-04-03,2025-26,NYK,CHI,1,0.6732,1,1,0.073,0.0353,0.1258,-0.0207
0022501125,2026-04-03,2025-26,MEM,TOR,0,0.3403,0,1,-0.4134,-0.0422,-0.0873,0.0023
0022501122,2026-04-03,2025-26,BKN,ATL,0,0.2468,0,1,-0.5986,-0.1646,-0.0918,0.0395
0022501127,2026-04-03,2025-26,DAL,ORL,0,0.6254,1,0,0.0609,0.0771,-0.0012,-0.0612
0022501126,2026-04-03,2025-26,MIL,BOS,0,0.4627,0,1,0.1562,-0.2034,-0.0706,-0.0989
0022501120,2026-04-03,2025-26,CHA,IND,1,0.5584,1,1,-0.2519,-0.0011,0.1676,0.0563
0022501128,2026-04-03,2025-26,SAC,NOP,1,0.6287,1,1,0.1354,-0.04,0.051,-0.0228
0022501124,2026-04-03,2025-26,HOU,UTA,1,0.673,1,1,0.1696,-0.0221,0.103,-0.0207
0022501129,2026-04-04,2025-26,MIA,WAS,1,0.6621,1,1,-0.0965,0.1999,0.0413,0.0845
0022501131,2026-04-04,2025-26,PHI,DET,0,0.5775,1,0,-0.0806,0.1524,-0.0375,-0.0436
0022501130,2026-04-04,2025-26,DEN,SAS,1,0.6034,1,1,0.1697,-0.0042,-0.1129,0.0356
0022501138,2026-04-05,2025-26,NOP,ORL,0,0.6292,1,0,0.0721,0.1185,0.0124,-0.1136
0022501139,2026-04-05,2025-26,OKC,UTA,1,0.7133,1,1,0.2137,0.0649,0.0142,0.0402
0022501134,2026-04-05,2025-26,CHI,PHX,0,0.5359,1,0,0.1185,-0.1705,-0.0811,0.0607
0022501135,2026-04-05,2025-26,MIL,MEM,1,0.5735,1,1,0.243,-0.1367,0.0363,-0.0831
0022501137,2026-04-05,2025-26,MIN,CHA,0,0.2736,0,1,-0.6143,-0.0297,-0.0965,-0.0125
0022501132,2026-04-05,2025-26,BOS,TOR,1,0.5535,1,1,-0.2063,0.0805,0.0354,0.0088
0022501136,2026-04-05,2025-26,CLE,IND,1,0.5407,1,1,-0.3355,0.0971,0.0606,0.1109
0022501141,2026-04-05,2025-26,SAC,LAC,0,0.4752,0,1,-0.3066,0.0013,0.0811,-0.0236
0022501142,2026-04-05,2025-26,GSW,HOU,0,0.404,0,1,-0.1613,-0.2325,-0.0459,0.0262
0022501140,2026-04-05,2025-26,DAL,LAL,1,0.4032,0,0,-0.397,0.0469,-0.014,-0.0921
0022501133,2026-04-05,2025-26,BKN,WAS,1,0.3733,0,0,-0.3661,-0.1542,-0.0025,0.0901
0022501147,2026-04-06,2025-26,DEN,POR,1,0.7535,1,1,0.3857,0.2472,-0.1604,-0.0277
0022501143,2026-04-06,2025-26,ATL,NYK,0,0.5823,1,0,0.0866,0.0535,-0.096,-0.0274
0022501144,2026-04-06,2025-26,ORL,DET,1,0.4797,0,0,-0.3045,-0.0511,-0.0561,0.1103
0022501146,2026-04-06,2025-26,SAS,PHI,1,0.6627,1,1,0.1984,-0.0002,0.0342,-0.0031
0022501145,2026-04-06,2025-26,MEM,CLE,0,0.3128,0,1,-0.3707,-0.1573,-0.0552,-0.0363
0022501150,2026-04-07,2025-26,BKN,MIL,1,0.4637,0,0,-0.3749,0.1175,-0.0698,0.0823
0022501157,2026-04-07,2025-26,PHX,HOU,0,0.4269,0,1,-0.3358,0.0492,-0.0049,-0.0581
0022501155,2026-04-07,2025-26,LAL,OKC,0,0.6196,1,0,0.0068,-0.0391,-0.0224,0.1039
0022501153,2026-04-07,2025-26,NOP,UTA,1,0.5493,1,1,-0.045,-0.0359,-0.0091,0.0299
0022501152,2026-04-07,2025-26,IND,MIN,0,0.785,1,0,0.7407,0.0281,-0.0789,-0.0413
0022501154,2026-04-07,2025-26,GSW,SAC,1,0.543,1,1,0.1043,-0.1631,-0.0663,0.0526
0022501156,2026-04-07,2025-26,LAC,DAL,1,0.7374,1,1,0.5159,-0.057,0.014,-0.0345
0022501149,2026-04-07,2025-26,BOS,CHA,1,0.5207,1,1,-0.2066,0.0842,-0.055,0.0165
0022501148,2026-04-07,2025-26,WAS,CHI,0,0.5878,1,0,0.1393,0.0494,-0.0248,-0.0871
0022501151,2026-04-07,2025-26,TOR,MIA,1,0.5752,1,1,0.1681,-0.1342,0.0241,-0.0358
0022501162,2026-04-08,2025-26,DEN,MEM,1,0.8336,1,1,0.5201,0.1993,0.0327,0.0206
0022501160,2026-04-08,2025-26,DET,MIL,1,0.6914,1,1,0.0219,0.1303,0.0395,0.1
0022501159,2026-04-08,2025-26,ORL,MIN,1,0.6897,1,1,0.1481,-0.0879,-0.0084,0.1782
0022501158,2026-04-08,2025-26,CLE,ATL,1,0.6553,1,1,0.1022,0.0446,-0.0251,0.0668
0022501161,2026-04-08,2025-26,SAS,POR,1,0.6771,1,1,0.1294,0.1919,-0.0644,-0.0543
0022501164,2026-04-08,2025-26,PHX,DAL,1,0.6562,1,1,0.2241,-0.0289,0.0777,-0.0887
0022501163,2026-04-08,2025-26,LAC,OKC,0,0.5176,1,0,-0.0804,-0.0117,-0.0402,0.0057
0022501167,2026-04-09,2025-26,BKN,IND,0,0.2965,0,1,-0.5661,-0.0769,-0.0256,0.0338
0022501166,2026-04-09,2025-26,WAS,CHI,0,0.5519,1,0,0.076,0.0147,-0.0212,-0.0798
0022501168,2026-04-09,2025-26,NYK,BOS,1,0.5991,1,1,0.0786,-0.0801,0.0557,-0.0115
0022501169,2026-04-09,2025-26,HOU,PHI,1,0.6444,1,1,0.1521,-0.0476,0.0696,-0.0174
0022501170,2026-04-09,2025-26,GSW,LAL,0,0.4908,0,1,0.0241,-0.1606,0.017,-0.1127
0022501165,2026-04-09,2025-26,TOR,MIA,1,0.5769,1,1,0.1689,-0.1355,0.0337,-0.0318
0022501181,2026-04-10,2025-26,UTA,MEM,1,0.5879,1,1,-0.1005,0.0999,0.0413,-0.0035
0022501178,2026-04-10,2025-26,HOU,MIN,0,0.8014,1,0,0.4199,0.064,0.1073,0.0356
0022501185,2026-04-10,2025-26,LAL,PHX,1,0.6378,1,1,0.207,-0.1125,-0.07,0.1065
0022501177,2026-04-10,2025-26,CHI,ORL,0,0.5587,1,0,-0.0209,0.0516,-0.0241,-0.1039
0022501179,2026-04-10,2025-26,MIL,BKN,1,0.6203,1,1,0.322,-0.1701,0.1104,-0.0922
0022501175,2026-04-10,2025-26,IND,PHI,0,0.6372,1,0,0.3709,-0.0533,-0.0772,-0.0315
0022501171,2026-04-10,2025-26,CHA,DET,0,0.6155,1,0,-0.0354,0.1088,0.0497,-0.0576
0022501172,2026-04-10,2025-26,WAS,MIA,0,0.4052,0,1,-0.1553,-0.1477,0.0081,-0.0514
0022501176,2026-04-10,2025-26,NYK,TOR,1,0.548,1,1,-0.0273,-0.0878,0.0585,-0.0088
0022501173,2026-04-10,2025-26,ATL,CLE,1,0.512,1,1,-0.0569,-0.0355,0.0386,-0.0863
0022501180,2026-04-10,2025-26,SAS,DAL,1,0.7712,1,1,0.5655,-0.0555,0.0918,-0.0751
0022501184,2026-04-10,2025-26,SAC,GSW,1,0.5844,1,1,-0.1748,0.1204,0.0782,-0.0376
0022501174,2026-04-10,2025-26,BOS,NOP,1,0.7265,1,1,0.3189,0.0348,0.0748,-0.0307
0022501182,2026-04-10,2025-26,DEN,OKC,1,0.6323,1,1,0.0777,0.095,-0.0165,-0.0067
0022501183,2026-04-10,2025-26,POR,LAC,1,0.4606,0,0,-0.2491,-0.1865,0.1243,0.0148
0022501197,2026-04-12,2025-26,SAS,DEN,0,0.477,0,1,-0.2319,-0.0675,0.0722,0.0008
0022501194,2026-04-12,2025-26,HOU,MEM,1,0.7895,1,1,0.2947,0.0711,0.1736,0.0334
0022501193,2026-04-12,2025-26,DAL,CHI,1,0.5975,1,1,-0.1696,0.1837,-0.0236,0.0225
0022501200,2026-04-12,2025-26,POR,SAC,1,0.6215,1,1,0.1098,-0.1044,-0.015,0.0693
0022501188,2026-04-12,2025-26,IND,DET,0,0.5039,1,0,-0.0253,0.0611,-0.1346,-0.0455
0022501199,2026-04-12,2025-26,LAC,GSW,1,0.6305,1,1,0.0395,0.1371,-0.0377,-0.0177
0022501191,2026-04-12,2025-26,PHI,MIL,1,0.5936,1,1,-0.2885,0.2849,-0.0042,0.0568
0022501198,2026-04-12,2025-26,LAL,UTA,1,0.6985,1,1,0.2882,-0.0944,-0.0293,0.141
0022501186,2026-04-12,2025-26,BOS,ORL,1,0.7605,1,1,0.4185,0.1655,0.0393,-0.1658
0022501189,2026-04-12,2025-26,MIA,ATL,1,0.5599,1,1,0.0252,-0.0214,-0.0731,0.0543
0022501196,2026-04-12,2025-26,OKC,PHX,0,0.747,1,0,0.4607,0.0658,-0.0804,0.0136
0022501190,2026-04-12,2025-26,NYK,CHA,0,0.6673,1,0,0.2481,0.0011,-0.0421,0.0188
0022501195,2026-04-12,2025-26,MIN,NOP,1,0.5348,1,1,0.0709,-0.0616,-0.0084,-0.0577
0022501187,2026-04-12,2025-26,CLE,WAS,1,0.77,1,1,0.2989,0.1031,0.0203,0.1031
0022501192,2026-04-12,2025-26,TOR,BKN,1,0.7969,1,1,0.3818,0.1283,0.1243,-0.0129
